USB2CAN&LIN Display List File V2.0,,,,,,,,
Frame No. ,ID[PID],Data(Hex),Chk(Hex),Chk Mode,Data Type,Timestamp,Channel No.,Events
1,,,,,Sync break,0,LIN1,
2,,,,,Sync break,0.107,LIN1,
3,0A [CA],00 4B 00 00 00 08 01 00,E0,Enhanced,Slave response,0.157,LIN1,
4,0B [8B],FF 7F 00 00 FE FF FF FF,F5,Enhanced,Slave response,0.167,LIN1,
5,0A [CA],00 4C 00 00 00 08 01 00,DF,Enhanced,Slave response,0.177,LIN1,
6,2E [2E],00 00 80 3D 00 0C 00 00,8,Enhanced,Slave response,0.186,LIN1,
7,0A [CA],00 4D 00 00 00 08 01 00,DE,Enhanced,Slave response,0.196,LIN1,
8,0C [4C],FF 7F 00 00 FE FF FF FF,35,Enhanced,Slave response,0.206,LIN1,
9,0A [CA],00 4E 00 00 00 08 01 00,DD,Enhanced,Slave response,0.216,LIN1,
10,2F [6F],00 00 01 00 82 FF FF FF,0D,Enhanced,Slave response,0.226,LIN1,
11,0A [CA],00 4F 00 00 00 08 01 00,DC,Enhanced,Slave response,0.236,LIN1,
12,0D [0D],,,,Slave response,0.246,LIN1,SLAVE NO RESPONSE
13,0A [CA],00 40 00 00 00 08 01 00,EB,Enhanced,Slave response,0.256,LIN1,
14,2E [2E],00 00 80 3D 00 0C 00 00,8,Enhanced,Slave response,0.266,LIN1,
15,0A [CA],00 41 00 00 00 08 01 00,EA,Enhanced,Slave response,0.275,LIN1,
16,0E [8E],,,,Slave response,0.285,LIN1,SLAVE NO RESPONSE
17,0A [CA],00 42 00 00 00 08 01 00,E9,Enhanced,Slave response,0.295,LIN1,
18,2F [6F],00 00 03 00 82 FF FF FF,0B,Enhanced,Slave response,0.305,LIN1,
19,0A [CA],00 43 00 00 00 08 01 00,E8,Enhanced,Slave response,0.315,LIN1,
20,0B [8B],FF 7F 00 00 FE FF FF FF,F5,Enhanced,Slave response,0.325,LIN1,
21,0A [CA],00 44 00 00 00 08 01 00,E7,Enhanced,Slave response,0.335,LIN1,
22,2E [2E],00 00 80 3D 00 0C 00 00,8,Enhanced,Slave response,0.345,LIN1,
23,0A [CA],00 45 00 00 00 08 01 00,E6,Enhanced,Slave response,0.354,LIN1,
24,0C [4C],FF 7F 00 00 FE FF FF FF,35,Enhanced,Slave response,0.364,LIN1,
25,0A [CA],00 46 00 00 00 08 01 00,E5,Enhanced,Slave response,0.374,LIN1,
26,2F [6F],00 00 03 00 82 FF FF FF,0B,Enhanced,Slave response,0.384,LIN1,
27,0A [CA],00 47 00 00 00 08 01 00,E4,Enhanced,Slave response,0.394,LIN1,
28,0D [0D],,,,Slave response,0.404,LIN1,SLAVE NO RESPONSE
29,0A [CA],00 48 00 00 00 08 01 00,E3,Enhanced,Slave response,0.414,LIN1,
30,2E [2E],00 00 80 3D 00 1C 00 00,F7,Enhanced,Slave response,0.424,LIN1,
31,0A [CA],00 49 00 00 00 08 01 00,E2,Enhanced,Slave response,0.434,LIN1,
32,0E [8E],,,,Slave response,0.443,LIN1,SLAVE NO RESPONSE
33,0A [CA],00 4A 00 00 00 08 01 00,E1,Enhanced,Slave response,0.453,LIN1,
34,2F [6F],00 00 03 00 82 FF FF FF,0B,Enhanced,Slave response,0.463,LIN1,
35,0A [CA],00 4B 00 00 00 08 01 00,E0,Enhanced,Slave response,0.473,LIN1,
36,0B [8B],FF 7F 00 00 FE FF FF FF,F5,Enhanced,Slave response,0.483,LIN1,
37,0A [CA],00 4C 00 00 00 08 01 00,DF,Enhanced,Slave response,0.493,LIN1,
38,2E [2E],00 00 80 3D 00 1C 00 00,F7,Enhanced,Slave response,0.503,LIN1,
39,0A [CA],00 4D 00 00 00 08 01 00,DE,Enhanced,Slave response,0.513,LIN1,
40,0C [4C],FF 7F 00 00 FE FF FF FF,35,Enhanced,Slave response,0.522,LIN1,
41,0A [CA],00 4E 00 00 00 08 01 00,DD,Enhanced,Slave response,0.532,LIN1,
42,2F [6F],00 00 03 00 82 FF FF FF,0B,Enhanced,Slave response,0.542,LIN1,
43,0A [CA],00 4F 00 00 00 08 01 00,DC,Enhanced,Slave response,0.552,LIN1,
44,0D [0D],,,,Slave response,0.562,LIN1,SLAVE NO RESPONSE
45,0A [CA],00 40 00 00 00 08 01 00,EB,Enhanced,Slave response,0.572,LIN1,
46,2E [2E],00 00 80 3D 00 1C 00 00,F7,Enhanced,Slave response,0.582,LIN1,
47,0A [CA],00 41 00 00 00 08 01 00,EA,Enhanced,Slave response,0.592,LIN1,
48,0E [8E],,,,Slave response,0.601,LIN1,SLAVE NO RESPONSE
49,0A [CA],00 42 00 00 00 08 01 00,E9,Enhanced,Slave response,0.611,LIN1,
50,2F [6F],00 00 03 00 82 FF FF FF,0B,Enhanced,Slave response,0.621,LIN1,
51,0A [CA],00 43 00 00 00 08 01 00,E8,Enhanced,Slave response,0.631,LIN1,
52,0B [8B],FF 7F 00 00 FE FF FF FF,F5,Enhanced,Slave response,0.641,LIN1,
53,0A [CA],00 44 00 00 00 08 01 00,E7,Enhanced,Slave response,0.651,LIN1,
54,2E [2E],00 00 80 3D 00 0C 00 00,8,Enhanced,Slave response,0.661,LIN1,
55,0A [CA],00 45 00 00 00 08 01 00,E6,Enhanced,Slave response,0.671,LIN1,
56,0C [4C],FF 7F 00 00 FE FF FF FF,35,Enhanced,Slave response,0.681,LIN1,
57,0A [CA],00 46 00 00 00 08 01 00,E5,Enhanced,Slave response,0.69,LIN1,
58,2F [6F],00 00 03 00 82 FF FF FF,0B,Enhanced,Slave response,0.7,LIN1,
59,0A [CA],00 47 00 00 00 08 01 00,E4,Enhanced,Slave response,0.71,LIN1,
60,0D [0D],,,,Slave response,0.72,LIN1,SLAVE NO RESPONSE
61,0A [CA],00 48 00 00 00 08 01 00,E3,Enhanced,Slave response,0.73,LIN1,
62,2E [2E],00 00 80 3D 00 0C 00 00,8,Enhanced,Slave response,0.74,LIN1,
63,0A [CA],00 49 00 00 00 08 01 00,E2,Enhanced,Slave response,0.75,LIN1,
64,0E [8E],,,,Slave response,0.76,LIN1,SLAVE NO RESPONSE
65,0A [CA],00 4A 00 00 00 08 01 00,E1,Enhanced,Slave response,0.769,LIN1,
66,2F [6F],00 00 03 00 82 FF FF FF,0B,Enhanced,Slave response,0.779,LIN1,
67,0A [CA],00 4B 00 00 00 08 01 00,E0,Enhanced,Slave response,0.789,LIN1,
68,0B [8B],FF 7F 00 00 FE FF FF FF,F5,Enhanced,Slave response,0.799,LIN1,
69,0A [CA],00 4C 00 00 00 08 01 00,DF,Enhanced,Slave response,0.809,LIN1,
70,2E [2E],00 00 80 3D 00 0C 00 00,8,Enhanced,Slave response,0.819,LIN1,
71,0A [CA],00 4D 00 00 00 08 01 00,DE,Enhanced,Slave response,0.829,LIN1,
72,0C [4C],FF 7F 00 00 FE FF FF FF,35,Enhanced,Slave response,0.839,LIN1,
73,0A [CA],00 4E 00 00 00 08 01 00,DD,Enhanced,Slave response,0.849,LIN1,
74,2F [6F],00 00 03 00 82 FF FF FF,0B,Enhanced,Slave response,0.858,LIN1,
75,0A [CA],00 4F 00 00 00 08 01 00,DC,Enhanced,Slave response,0.868,LIN1,
76,0D [0D],,,,Slave response,0.878,LIN1,SLAVE NO RESPONSE
77,0A [CA],00 40 00 00 00 08 01 00,EB,Enhanced,Slave response,0.888,LIN1,
78,2E [2E],00 00 80 3D 00 0C 00 00,8,Enhanced,Slave response,0.898,LIN1,
79,0A [CA],00 41 00 00 00 08 01 00,EA,Enhanced,Slave response,0.908,LIN1,
80,0E [8E],,,,Slave response,0.918,LIN1,SLAVE NO RESPONSE
81,0A [CA],00 42 00 00 00 08 01 00,E9,Enhanced,Slave response,0.928,LIN1,
82,2F [6F],00 00 03 00 82 FF FF FF,0B,Enhanced,Slave response,0.937,LIN1,
83,0A [CA],00 43 00 00 00 08 01 00,E8,Enhanced,Slave response,0.947,LIN1,
84,0B [8B],FF 7F 00 00 FE FF FF FF,F5,Enhanced,Slave response,0.957,LIN1,
85,0A [CA],00 44 00 00 00 08 01 00,E7,Enhanced,Slave response,0.967,LIN1,
86,2E [2E],00 00 80 3D 00 0C 00 00,8,Enhanced,Slave response,0.977,LIN1,
87,0A [CA],00 45 00 00 00 08 01 00,E6,Enhanced,Slave response,0.987,LIN1,
88,0C [4C],FF 7F 00 00 FE FF FF FF,35,Enhanced,Slave response,0.997,LIN1,
89,0A [CA],00 46 00 00 00 08 01 00,E5,Enhanced,Slave response,1.007,LIN1,
90,2F [6F],00 00 00 00 82 FF FF FF,0E,Enhanced,Slave response,1.017,LIN1,
91,0A [CA],00 47 00 00 00 08 01 00,E4,Enhanced,Slave response,1.026,LIN1,
92,0D [0D],,,,Slave response,1.036,LIN1,SLAVE NO RESPONSE
93,0A [CA],00 48 00 00 00 08 01 00,E3,Enhanced,Slave response,1.046,LIN1,
94,2E [2E],00 00 80 3D 00 0C 00 00,8,Enhanced,Slave response,1.056,LIN1,
95,0A [CA],00 49 00 00 00 08 01 00,E2,Enhanced,Slave response,1.066,LIN1,
96,0E [8E],,,,Slave response,1.076,LIN1,SLAVE NO RESPONSE
97,0A [CA],00 4A 00 00 00 08 01 00,E1,Enhanced,Slave response,1.086,LIN1,
98,2F [6F],00 00 00 00 82 FF FF FF,0E,Enhanced,Slave response,1.096,LIN1,
99,0A [CA],00 4B 00 00 00 08 01 00,E0,Enhanced,Slave response,1.105,LIN1,
100,0B [8B],FF 7F 00 00 FE FF FF FF,F5,Enhanced,Slave response,1.115,LIN1,
101,0A [CA],00 4C 00 00 00 08 01 00,DF,Enhanced,Slave response,1.125,LIN1,
102,2E [2E],00 00 80 3D 00 0C 00 00,8,Enhanced,Slave response,1.135,LIN1,
103,0A [CA],00 4D 00 00 00 08 01 00,DE,Enhanced,Slave response,1.145,LIN1,
104,0C [4C],FF 7F 00 00 FE FF FF FF,35,Enhanced,Slave response,1.155,LIN1,
105,0A [CA],00 4E 00 00 00 08 01 00,DD,Enhanced,Slave response,1.165,LIN1,
106,2F [6F],00 00 00 00 82 FF FF FF,0E,Enhanced,Slave response,1.175,LIN1,
107,0A [CA],00 4F 00 00 00 08 01 00,DC,Enhanced,Slave response,1.185,LIN1,
108,0D [0D],,,,Slave response,1.194,LIN1,SLAVE NO RESPONSE
109,0A [CA],00 40 00 00 00 08 01 00,EB,Enhanced,Slave response,1.204,LIN1,
110,2E [2E],00 00 80 3E 00 0D 00 00,6,Enhanced,Slave response,1.214,LIN1,
111,0A [CA],00 41 00 00 00 08 01 00,EA,Enhanced,Slave response,1.224,LIN1,
112,0E [8E],,,,Slave response,1.234,LIN1,SLAVE NO RESPONSE
113,0A [CA],00 42 00 00 00 08 01 00,E9,Enhanced,Slave response,1.244,LIN1,
114,2F [6F],00 00 00 00 82 FF FF FF,0E,Enhanced,Slave response,1.254,LIN1,
115,0A [CA],00 43 00 00 00 08 01 00,E8,Enhanced,Slave response,1.264,LIN1,
116,0B [8B],FF 7F 00 00 FE FF FF FF,F5,Enhanced,Slave response,1.273,LIN1,
117,0A [CA],00 44 00 00 00 08 01 00,E7,Enhanced,Slave response,1.283,LIN1,
118,2E [2E],00 00 80 3E 00 0D 00 00,6,Enhanced,Slave response,1.293,LIN1,
119,0A [CA],00 45 00 00 00 08 01 00,E6,Enhanced,Slave response,1.303,LIN1,
120,0C [4C],FF 7F 00 00 FE FF FF FF,35,Enhanced,Slave response,1.313,LIN1,
121,0A [CA],00 46 00 00 00 08 01 00,E5,Enhanced,Slave response,1.323,LIN1,
122,2F [6F],00 00 00 00 82 FF FF FF,0E,Enhanced,Slave response,1.333,LIN1,
123,0A [CA],00 47 00 00 00 08 01 00,E4,Enhanced,Slave response,1.343,LIN1,
124,0D [0D],,,,Slave response,1.353,LIN1,SLAVE NO RESPONSE
125,0A [CA],00 48 00 00 00 08 01 00,E3,Enhanced,Slave response,1.362,LIN1,
126,2E [2E],00 00 80 3E 00 0D 00 00,6,Enhanced,Slave response,1.372,LIN1,
127,0A [CA],00 49 00 00 00 08 01 00,E2,Enhanced,Slave response,1.382,LIN1,
128,0E [8E],,,,Slave response,1.392,LIN1,SLAVE NO RESPONSE
129,0A [CA],00 4A 00 00 00 08 01 00,E1,Enhanced,Slave response,1.402,LIN1,
130,2F [6F],00 00 00 00 82 FF FF FF,0E,Enhanced,Slave response,1.412,LIN1,
131,0A [CA],00 4B 00 00 00 08 01 00,E0,Enhanced,Slave response,1.422,LIN1,
132,0B [8B],FF 7F 00 00 FE FF FF FF,F5,Enhanced,Slave response,1.432,LIN1,
133,0A [CA],00 4C 00 00 00 08 01 00,DF,Enhanced,Slave response,1.442,LIN1,
134,2E [2E],00 00 80 40 00 0D 00 00,4,Enhanced,Slave response,1.451,LIN1,
135,0A [CA],00 4D 00 00 00 08 01 00,DE,Enhanced,Slave response,1.461,LIN1,
136,0C [4C],FF 7F 00 00 FE FF FF FF,35,Enhanced,Slave response,1.471,LIN1,
137,0A [CA],00 4E 00 00 00 08 01 00,DD,Enhanced,Slave response,1.481,LIN1,
138,2F [6F],00 00 00 00 82 FF FF FF,0E,Enhanced,Slave response,1.491,LIN1,
139,0A [CA],00 4F 00 00 00 08 01 00,DC,Enhanced,Slave response,1.501,LIN1,
140,0D [0D],,,,Slave response,1.511,LIN1,SLAVE NO RESPONSE
141,0A [CA],00 40 00 00 00 08 01 00,EB,Enhanced,Slave response,1.52,LIN1,
142,2E [2E],00 00 80 40 00 0D 00 00,4,Enhanced,Slave response,1.53,LIN1,
143,0A [CA],00 41 00 00 00 08 01 00,EA,Enhanced,Slave response,1.54,LIN1,
144,0E [8E],,,,Slave response,1.55,LIN1,SLAVE NO RESPONSE
145,0A [CA],00 42 00 00 00 08 01 00,E9,Enhanced,Slave response,1.56,LIN1,
146,2F [6F],00 00 00 00 82 FF FF FF,0E,Enhanced,Slave response,1.57,LIN1,
147,0A [CA],00 43 00 00 00 08 01 00,E8,Enhanced,Slave response,1.58,LIN1,
148,0B [8B],FF 7F 00 00 FE FF FF FF,F5,Enhanced,Slave response,1.59,LIN1,
149,0A [CA],00 44 00 00 00 08 01 00,E7,Enhanced,Slave response,1.6,LIN1,
150,2E [2E],00 00 80 43 00 0D 00 00,1,Enhanced,Slave response,1.609,LIN1,
151,0A [CA],00 45 00 00 00 08 01 00,E6,Enhanced,Slave response,1.619,LIN1,
152,0C [4C],FF 7F 00 00 FE FF FF FF,35,Enhanced,Slave response,1.629,LIN1,
153,0A [CA],00 46 00 00 00 08 01 00,E5,Enhanced,Slave response,1.639,LIN1,
154,2F [6F],00 00 00 00 82 FF FF FF,0E,Enhanced,Slave response,1.649,LIN1,
155,0A [CA],00 47 00 00 00 08 01 00,E4,Enhanced,Slave response,1.659,LIN1,
156,0D [0D],,,,Slave response,1.669,LIN1,SLAVE NO RESPONSE
157,0A [CA],00 48 00 00 00 08 01 00,E3,Enhanced,Slave response,1.679,LIN1,
158,2E [2E],00 00 80 43 00 0D 00 00,1,Enhanced,Slave response,1.689,LIN1,
159,0A [CA],00 49 00 00 00 08 01 00,E2,Enhanced,Slave response,1.698,LIN1,
160,0E [8E],,,,Slave response,1.708,LIN1,SLAVE NO RESPONSE
161,0A [CA],00 4A 00 00 00 08 01 00,E1,Enhanced,Slave response,1.718,LIN1,
162,2F [6F],00 00 00 00 82 FF FF FF,0E,Enhanced,Slave response,1.728,LIN1,
163,0A [CA],00 4B 00 00 00 08 01 00,E0,Enhanced,Slave response,1.738,LIN1,
164,0B [8B],FF 7F 00 00 FE FF FF FF,F5,Enhanced,Slave response,1.748,LIN1,
165,0A [CA],00 4C 00 00 00 08 01 00,DF,Enhanced,Slave response,1.758,LIN1,
166,2E [2E],00 00 80 43 00 0D 00 00,1,Enhanced,Slave response,1.768,LIN1,
167,0A [CA],00 4D 00 00 00 08 01 00,DE,Enhanced,Slave response,1.777,LIN1,
168,0C [4C],FF 7F 00 00 FE FF FF FF,35,Enhanced,Slave response,1.787,LIN1,
169,0A [CA],00 4E 00 00 00 08 01 00,DD,Enhanced,Slave response,1.797,LIN1,
170,2F [6F],00 00 00 00 82 FF FF FF,0E,Enhanced,Slave response,1.807,LIN1,
171,0A [CA],00 4F 00 00 00 08 01 00,DC,Enhanced,Slave response,1.817,LIN1,
172,0D [0D],,,,Slave response,1.827,LIN1,SLAVE NO RESPONSE
173,0A [CA],00 40 00 00 00 08 01 00,EB,Enhanced,Slave response,1.837,LIN1,
174,2E [2E],00 00 80 46 00 0D 00 00,FD,Enhanced,Slave response,1.847,LIN1,
175,0A [CA],00 41 00 00 00 08 01 00,EA,Enhanced,Slave response,1.857,LIN1,
176,0E [8E],,,,Slave response,1.866,LIN1,SLAVE NO RESPONSE
177,0A [CA],00 42 00 00 00 08 01 00,E9,Enhanced,Slave response,1.876,LIN1,
178,2F [6F],00 00 00 00 82 FF FF FF,0E,Enhanced,Slave response,1.886,LIN1,
179,0A [CA],00 43 00 00 00 08 01 00,E8,Enhanced,Slave response,1.896,LIN1,
180,0B [8B],FF 7F 00 00 FE FF FF FF,F5,Enhanced,Slave response,1.906,LIN1,
181,0A [CA],00 44 00 00 00 08 01 00,E7,Enhanced,Slave response,1.916,LIN1,
182,2E [2E],00 00 80 46 00 0D 00 00,FD,Enhanced,Slave response,1.926,LIN1,
183,0A [CA],00 45 00 00 00 08 01 00,E6,Enhanced,Slave response,1.936,LIN1,
184,0C [4C],FF 7F 00 00 FE FF FF FF,35,Enhanced,Slave response,1.945,LIN1,
185,0A [CA],00 46 00 00 00 08 01 00,E5,Enhanced,Slave response,1.955,LIN1,
186,2F [6F],00 00 00 00 82 FF FF FF,0E,Enhanced,Slave response,1.965,LIN1,
187,0A [CA],00 47 00 00 00 08 01 00,E4,Enhanced,Slave response,1.975,LIN1,
188,0D [0D],,,,Slave response,1.985,LIN1,SLAVE NO RESPONSE
189,0A [CA],00 48 00 00 00 08 01 00,E3,Enhanced,Slave response,1.995,LIN1,
190,2E [2E],00 00 80 4A 00 0D 00 00,F9,Enhanced,Slave response,2.005,LIN1,
191,0A [CA],00 49 00 00 00 08 01 00,E2,Enhanced,Slave response,2.015,LIN1,
192,0E [8E],,,,Slave response,2.025,LIN1,SLAVE NO RESPONSE
193,0A [CA],00 4A 00 00 00 08 01 00,E1,Enhanced,Slave response,2.034,LIN1,
194,2F [6F],00 00 00 00 82 FF FF FF,0E,Enhanced,Slave response,2.044,LIN1,
195,0A [CA],00 4B 00 00 00 08 01 00,E0,Enhanced,Slave response,2.054,LIN1,
196,0B [8B],FF 7F 00 00 FE FF FF FF,F5,Enhanced,Slave response,2.064,LIN1,
197,0A [CA],00 4C 00 00 00 08 01 00,DF,Enhanced,Slave response,2.074,LIN1,
198,2E [2E],00 00 80 4A 00 0D 00 00,F9,Enhanced,Slave response,2.084,LIN1,
199,0A [CA],00 4D 00 00 00 08 01 00,DE,Enhanced,Slave response,2.094,LIN1,
200,0C [4C],FF 7F 00 00 FE FF FF FF,35,Enhanced,Slave response,2.104,LIN1,
201,0A [CA],00 4E 00 00 00 08 01 00,DD,Enhanced,Slave response,2.113,LIN1,
202,2F [6F],00 00 00 00 82 FF FF FF,0E,Enhanced,Slave response,2.123,LIN1,
203,0A [CA],00 4F 00 00 00 08 01 00,DC,Enhanced,Slave response,2.133,LIN1,
204,0D [0D],,,,Slave response,2.143,LIN1,SLAVE NO RESPONSE
205,0A [CA],00 40 00 00 00 08 01 00,EB,Enhanced,Slave response,2.153,LIN1,
206,2E [2E],00 00 80 4A 00 0D 00 00,F9,Enhanced,Slave response,2.163,LIN1,
207,0A [CA],00 41 00 00 00 08 01 00,EA,Enhanced,Slave response,2.173,LIN1,
208,0E [8E],,,,Slave response,2.183,LIN1,SLAVE NO RESPONSE
209,0A [CA],00 42 00 00 00 08 01 00,E9,Enhanced,Slave response,2.193,LIN1,
210,2F [6F],00 00 00 00 82 FF FF FF,0E,Enhanced,Slave response,2.202,LIN1,
211,0A [CA],00 43 00 00 00 08 01 00,E8,Enhanced,Slave response,2.212,LIN1,
212,0B [8B],FF 7F 00 00 FE FF FF FF,F5,Enhanced,Slave response,2.222,LIN1,
213,0A [CA],00 44 00 00 00 08 01 00,E7,Enhanced,Slave response,2.232,LIN1,
214,2E [2E],00 00 80 4D 00 0D 00 00,F6,Enhanced,Slave response,2.242,LIN1,
215,0A [CA],00 45 00 00 00 08 01 00,E6,Enhanced,Slave response,2.252,LIN1,
216,0C [4C],FF 7F 00 00 FE FF FF FF,35,Enhanced,Slave response,2.262,LIN1,
217,0A [CA],00 46 00 00 00 08 01 00,E5,Enhanced,Slave response,2.272,LIN1,
218,2F [6F],00 00 00 00 82 FF FF FF,0E,Enhanced,Slave response,2.281,LIN1,
219,0A [CA],00 47 00 00 00 08 01 00,E4,Enhanced,Slave response,2.291,LIN1,
220,0D [0D],,,,Slave response,2.301,LIN1,SLAVE NO RESPONSE
221,0A [CA],00 48 00 00 00 08 01 00,E3,Enhanced,Slave response,2.311,LIN1,
222,2E [2E],00 00 80 4D 00 0D 00 00,F6,Enhanced,Slave response,2.321,LIN1,
223,0A [CA],00 49 00 00 00 08 01 00,E2,Enhanced,Slave response,2.331,LIN1,
224,0E [8E],,,,Slave response,2.341,LIN1,SLAVE NO RESPONSE
225,0A [CA],00 4A 00 00 00 08 01 00,E1,Enhanced,Slave response,2.351,LIN1,
226,2F [6F],00 00 00 00 82 FF FF FF,0E,Enhanced,Slave response,2.36,LIN1,
227,0A [CA],00 4B 00 00 00 08 01 00,E0,Enhanced,Slave response,2.37,LIN1,
228,0B [8B],FF 7F 00 00 FE FF FF FF,F5,Enhanced,Slave response,2.38,LIN1,
229,0A [CA],00 4C 00 00 00 08 01 00,DF,Enhanced,Slave response,2.39,LIN1,
230,2E [2E],00 00 80 4F 00 0D 00 00,F4,Enhanced,Slave response,2.4,LIN1,
231,0A [CA],00 4D 00 00 00 08 01 00,DE,Enhanced,Slave response,2.41,LIN1,
232,0C [4C],FF 7F 00 00 FE FF FF FF,35,Enhanced,Slave response,2.42,LIN1,
233,0A [CA],00 4E 00 00 00 08 01 00,DD,Enhanced,Slave response,2.43,LIN1,
234,2F [6F],00 00 00 00 82 FF FF FF,0E,Enhanced,Slave response,2.44,LIN1,
235,0A [CA],00 4F 00 00 00 08 01 00,DC,Enhanced,Slave response,2.449,LIN1,
236,0D [0D],,,,Slave response,2.459,LIN1,SLAVE NO RESPONSE
237,0A [CA],00 40 00 00 00 08 01 00,EB,Enhanced,Slave response,2.469,LIN1,
238,2E [2E],00 00 80 4F 00 0D 00 00,F4,Enhanced,Slave response,2.479,LIN1,
239,0A [CA],00 41 00 00 00 08 01 00,EA,Enhanced,Slave response,2.489,LIN1,
240,0E [8E],,,,Slave response,2.499,LIN1,SLAVE NO RESPONSE
241,0A [CA],00 42 00 00 00 08 01 00,E9,Enhanced,Slave response,2.509,LIN1,
242,2F [6F],00 00 00 00 82 FF FF FF,0E,Enhanced,Slave response,2.519,LIN1,
243,0A [CA],00 43 00 00 00 08 01 00,E8,Enhanced,Slave response,2.529,LIN1,
244,0B [8B],FF 7F 00 00 FE FF FF FF,F5,Enhanced,Slave response,2.538,LIN1,
245,0A [CA],00 44 00 00 00 08 01 00,E7,Enhanced,Slave response,2.548,LIN1,
246,2E [2E],00 00 80 4F 00 0D 00 00,F4,Enhanced,Slave response,2.558,LIN1,
247,0A [CA],00 45 00 00 00 08 01 00,E6,Enhanced,Slave response,2.568,LIN1,
248,0C [4C],FF 7F 00 00 FE FF FF FF,35,Enhanced,Slave response,2.578,LIN1,
249,0A [CA],00 46 00 00 00 08 01 00,E5,Enhanced,Slave response,2.588,LIN1,
250,2F [6F],00 00 00 00 82 FF FF FF,0E,Enhanced,Slave response,2.598,LIN1,
251,0A [CA],00 47 00 00 00 08 01 00,E4,Enhanced,Slave response,2.608,LIN1,
252,0D [0D],,,,Slave response,2.617,LIN1,SLAVE NO RESPONSE
253,0A [CA],00 48 00 00 00 08 01 00,E3,Enhanced,Slave response,2.627,LIN1,
254,2E [2E],00 00 80 50 00 0D 00 00,F3,Enhanced,Slave response,2.637,LIN1,
255,0A [CA],00 49 00 00 00 08 01 00,E2,Enhanced,Slave response,2.647,LIN1,
256,0E [8E],,,,Slave response,2.657,LIN1,SLAVE NO RESPONSE
257,0A [CA],00 4A 00 00 00 08 01 00,E1,Enhanced,Slave response,2.667,LIN1,
258,2F [6F],00 00 00 00 82 FF FF FF,0E,Enhanced,Slave response,2.677,LIN1,
259,0A [CA],00 4B 00 00 00 08 01 00,E0,Enhanced,Slave response,2.687,LIN1,
260,0B [8B],FF 7F 00 00 FE FF FF FF,F5,Enhanced,Slave response,2.696,LIN1,
261,0A [CA],00 4C 00 00 00 08 01 00,DF,Enhanced,Slave response,2.706,LIN1,
262,2E [2E],00 00 80 50 00 0D 00 00,F3,Enhanced,Slave response,2.716,LIN1,
263,0A [CA],00 4D 00 00 00 08 01 00,DE,Enhanced,Slave response,2.726,LIN1,
264,0C [4C],FF 7F 00 00 FE FF FF FF,35,Enhanced,Slave response,2.736,LIN1,
265,0A [CA],00 4E 00 00 00 08 01 00,DD,Enhanced,Slave response,2.746,LIN1,
266,2F [6F],00 00 00 00 82 FF FF FF,0E,Enhanced,Slave response,2.756,LIN1,
267,0A [CA],00 4F 00 00 00 08 01 00,DC,Enhanced,Slave response,2.766,LIN1,
268,0D [0D],,,,Slave response,2.776,LIN1,SLAVE NO RESPONSE
269,0A [CA],00 40 00 00 00 08 01 00,EB,Enhanced,Slave response,2.785,LIN1,
270,2E [2E],00 00 80 51 00 0D 00 00,F2,Enhanced,Slave response,2.795,LIN1,
271,0A [CA],00 41 00 00 00 08 01 00,EA,Enhanced,Slave response,2.805,LIN1,
272,0E [8E],,,,Slave response,2.815,LIN1,SLAVE NO RESPONSE
273,0A [CA],00 42 00 00 00 08 01 00,E9,Enhanced,Slave response,2.825,LIN1,
274,2F [6F],00 00 00 00 82 FF FF FF,0E,Enhanced,Slave response,2.835,LIN1,
275,0A [CA],00 43 00 00 00 08 01 00,E8,Enhanced,Slave response,2.845,LIN1,
276,0B [8B],FF 7F 00 00 FE FF FF FF,F5,Enhanced,Slave response,2.855,LIN1,
277,0A [CA],00 44 00 00 00 08 01 00,E7,Enhanced,Slave response,2.864,LIN1,
278,2E [2E],00 00 80 51 00 0D 00 00,F2,Enhanced,Slave response,2.874,LIN1,
279,0A [CA],00 45 00 00 00 08 01 00,E6,Enhanced,Slave response,2.884,LIN1,
280,0C [4C],FF 7F 00 00 FE FF FF FF,35,Enhanced,Slave response,2.894,LIN1,
281,0A [CA],00 46 00 00 00 08 01 00,E5,Enhanced,Slave response,2.904,LIN1,
282,2F [6F],00 00 00 00 82 FF FF FF,0E,Enhanced,Slave response,2.914,LIN1,
283,0A [CA],00 47 00 00 00 08 01 00,E4,Enhanced,Slave response,2.924,LIN1,
284,0D [0D],,,,Slave response,2.934,LIN1,SLAVE NO RESPONSE
285,0A [CA],00 48 00 00 00 08 01 00,E3,Enhanced,Slave response,2.944,LIN1,
286,2E [2E],00 00 80 51 00 0D 00 00,F2,Enhanced,Slave response,2.953,LIN1,
287,0A [CA],00 49 00 00 00 08 01 00,E2,Enhanced,Slave response,2.963,LIN1,
288,0E [8E],,,,Slave response,2.973,LIN1,SLAVE NO RESPONSE
289,0A [CA],00 4A 00 00 00 08 01 00,E1,Enhanced,Slave response,2.983,LIN1,
290,2F [6F],00 00 00 00 82 FF FF FF,0E,Enhanced,Slave response,2.993,LIN1,
291,0A [CA],00 4B 00 00 00 08 01 00,E0,Enhanced,Slave response,3.003,LIN1,
292,0B [8B],FF 7F 00 00 FE FF FF FF,F5,Enhanced,Slave response,3.013,LIN1,
293,0A [CA],00 4C 00 00 00 08 01 00,DF,Enhanced,Slave response,3.023,LIN1,
294,2E [2E],00 00 80 51 00 0D 00 00,F2,Enhanced,Slave response,3.033,LIN1,
295,0A [CA],00 4D 00 00 00 08 01 00,DE,Enhanced,Slave response,3.042,LIN1,
296,0C [4C],FF 7F 00 00 FE FF FF FF,35,Enhanced,Slave response,3.052,LIN1,
297,0A [CA],00 4E 00 00 00 08 01 00,DD,Enhanced,Slave response,3.062,LIN1,
298,2F [6F],00 00 00 00 82 FF FF FF,0E,Enhanced,Slave response,3.072,LIN1,
299,0A [CA],00 4F 00 00 00 08 01 00,DC,Enhanced,Slave response,3.082,LIN1,
300,0D [0D],,,,Slave response,3.092,LIN1,SLAVE NO RESPONSE
301,0A [CA],00 40 00 00 00 08 01 00,EB,Enhanced,Slave response,3.102,LIN1,
302,2E [2E],00 00 80 51 00 0D 00 00,F2,Enhanced,Slave response,3.112,LIN1,
303,0A [CA],00 41 00 00 00 08 01 00,EA,Enhanced,Slave response,3.121,LIN1,
304,0E [8E],,,,Slave response,3.131,LIN1,SLAVE NO RESPONSE
305,0A [CA],00 42 00 00 00 08 01 00,E9,Enhanced,Slave response,3.141,LIN1,
306,2F [6F],00 00 00 00 82 FF FF FF,0E,Enhanced,Slave response,3.151,LIN1,
307,0A [CA],00 43 00 00 00 08 01 00,E8,Enhanced,Slave response,3.161,LIN1,
308,0B [8B],FF 7F 00 00 FE FF FF FF,F5,Enhanced,Slave response,3.171,LIN1,
309,0A [CA],00 44 00 00 00 08 01 00,E7,Enhanced,Slave response,3.181,LIN1,
310,2E [2E],00 00 80 51 00 0C 00 00,F3,Enhanced,Slave response,3.191,LIN1,
311,0A [CA],00 45 00 00 00 08 01 00,E6,Enhanced,Slave response,3.2,LIN1,
312,0C [4C],FF 7F 00 00 FE FF FF FF,35,Enhanced,Slave response,3.21,LIN1,
313,0A [CA],00 46 00 00 00 08 01 00,E5,Enhanced,Slave response,3.22,LIN1,
314,2F [6F],00 00 00 00 82 FF FF FF,0E,Enhanced,Slave response,3.23,LIN1,
315,0A [CA],00 47 00 00 00 08 01 00,E4,Enhanced,Slave response,3.24,LIN1,
316,0D [0D],,,,Slave response,3.25,LIN1,SLAVE NO RESPONSE
317,0A [CA],00 48 00 00 00 08 01 00,E3,Enhanced,Slave response,3.26,LIN1,
318,2E [2E],00 00 80 51 00 0C 00 00,F3,Enhanced,Slave response,3.27,LIN1,
319,0A [CA],00 49 00 00 00 08 01 00,E2,Enhanced,Slave response,3.28,LIN1,
320,0E [8E],,,,Slave response,3.289,LIN1,SLAVE NO RESPONSE
321,0A [CA],00 4A 00 00 00 08 01 00,E1,Enhanced,Slave response,3.299,LIN1,
322,2F [6F],00 00 00 00 82 FF FF FF,0E,Enhanced,Slave response,3.309,LIN1,
323,0A [CA],00 4B 00 00 00 08 01 00,E0,Enhanced,Slave response,3.319,LIN1,
324,0B [8B],FF 7F 00 00 FE FF FF FF,F5,Enhanced,Slave response,3.329,LIN1,
325,0A [CA],00 4C 00 00 00 08 01 00,DF,Enhanced,Slave response,3.339,LIN1,
326,2E [2E],00 00 80 51 00 0C 00 00,F3,Enhanced,Slave response,3.349,LIN1,
327,0A [CA],00 4D 00 00 00 08 01 00,DE,Enhanced,Slave response,3.359,LIN1,
328,0C [4C],FF 7F 00 00 FE FF FF FF,35,Enhanced,Slave response,3.369,LIN1,
329,0A [CA],00 4E 00 00 00 08 01 00,DD,Enhanced,Slave response,3.378,LIN1,
330,2F [6F],00 00 00 00 82 FF FF FF,0E,Enhanced,Slave response,3.388,LIN1,
331,0A [CA],00 4F 00 00 00 08 01 00,DC,Enhanced,Slave response,3.398,LIN1,
332,0D [0D],,,,Slave response,3.408,LIN1,SLAVE NO RESPONSE
333,0A [CA],00 40 00 00 00 08 01 00,EB,Enhanced,Slave response,3.418,LIN1,
334,2E [2E],00 00 80 51 00 0C 00 00,F3,Enhanced,Slave response,3.428,LIN1,
335,0A [CA],00 41 00 00 00 08 01 00,EA,Enhanced,Slave response,3.438,LIN1,
336,0E [8E],,,,Slave response,3.448,LIN1,SLAVE NO RESPONSE
337,0A [CA],00 42 00 00 00 08 01 00,E9,Enhanced,Slave response,3.457,LIN1,
338,2F [6F],00 00 00 00 82 FF FF FF,0E,Enhanced,Slave response,3.467,LIN1,
339,0A [CA],00 43 00 00 00 08 01 00,E8,Enhanced,Slave response,3.477,LIN1,
340,0B [8B],FF 7F 00 00 FE FF FF FF,F5,Enhanced,Slave response,3.487,LIN1,
341,0A [CA],00 44 00 00 00 08 01 00,E7,Enhanced,Slave response,3.497,LIN1,
342,2E [2E],00 00 80 51 00 0C 00 00,F3,Enhanced,Slave response,3.507,LIN1,
343,0A [CA],00 45 00 00 00 08 01 00,E6,Enhanced,Slave response,3.517,LIN1,
344,0C [4C],FF 7F 00 00 FE FF FF FF,35,Enhanced,Slave response,3.527,LIN1,
345,0A [CA],00 46 00 00 00 08 01 00,E5,Enhanced,Slave response,3.536,LIN1,
346,2F [6F],00 00 00 00 82 FF FF FF,0E,Enhanced,Slave response,3.546,LIN1,
347,0A [CA],00 47 00 00 00 08 01 00,E4,Enhanced,Slave response,3.556,LIN1,
348,0D [0D],,,,Slave response,3.566,LIN1,SLAVE NO RESPONSE
349,0A [CA],00 48 00 00 00 08 01 00,E3,Enhanced,Slave response,3.576,LIN1,
350,2E [2E],00 00 80 51 00 0C 00 00,F3,Enhanced,Slave response,3.586,LIN1,
351,0A [CA],00 49 00 00 00 08 01 00,E2,Enhanced,Slave response,3.596,LIN1,
352,0E [8E],,,,Slave response,3.606,LIN1,SLAVE NO RESPONSE
353,0A [CA],00 4A 00 00 00 08 01 00,E1,Enhanced,Slave response,3.616,LIN1,
354,2F [6F],00 00 00 00 82 FF FF FF,0E,Enhanced,Slave response,3.625,LIN1,
355,0A [CA],00 4B 00 00 00 08 01 00,E0,Enhanced,Slave response,3.635,LIN1,
356,0B [8B],FF 7F 00 00 FE FF FF FF,F5,Enhanced,Slave response,3.645,LIN1,
357,0A [CA],00 4C 00 00 00 08 01 00,DF,Enhanced,Slave response,3.655,LIN1,
358,2E [2E],00 00 80 51 00 0C 00 00,F3,Enhanced,Slave response,3.665,LIN1,
359,0A [CA],00 4D 00 00 00 08 01 00,DE,Enhanced,Slave response,3.675,LIN1,
360,0C [4C],FF 7F 00 00 FE FF FF FF,35,Enhanced,Slave response,3.685,LIN1,
361,0A [CA],00 4E 00 00 00 08 01 00,DD,Enhanced,Slave response,3.695,LIN1,
362,2F [6F],00 00 00 00 82 FF FF FF,0E,Enhanced,Slave response,3.704,LIN1,
363,0A [CA],00 4F 00 00 00 08 01 00,DC,Enhanced,Slave response,3.714,LIN1,
364,0D [0D],,,,Slave response,3.724,LIN1,SLAVE NO RESPONSE
365,0A [CA],00 40 00 00 00 08 01 00,EB,Enhanced,Slave response,3.734,LIN1,
366,2E [2E],00 00 80 51 00 0C 00 00,F3,Enhanced,Slave response,3.744,LIN1,
367,0A [CA],00 41 00 00 00 08 01 00,EA,Enhanced,Slave response,3.754,LIN1,
368,0E [8E],,,,Slave response,3.764,LIN1,SLAVE NO RESPONSE
369,0A [CA],00 42 00 00 00 08 01 00,E9,Enhanced,Slave response,3.774,LIN1,
370,2F [6F],00 00 00 00 82 FF FF FF,0E,Enhanced,Slave response,3.784,LIN1,
371,0A [CA],00 43 00 00 00 08 01 00,E8,Enhanced,Slave response,3.793,LIN1,
372,0B [8B],FF 7F 00 00 FE FF FF FF,F5,Enhanced,Slave response,3.803,LIN1,
373,0A [CA],00 44 00 00 00 08 01 00,E7,Enhanced,Slave response,3.813,LIN1,
374,2E [2E],00 00 80 51 00 0C 00 00,F3,Enhanced,Slave response,3.823,LIN1,
375,0A [CA],00 45 00 00 00 08 01 00,E6,Enhanced,Slave response,3.833,LIN1,
376,0C [4C],FF 7F 00 00 FE FF FF FF,35,Enhanced,Slave response,3.843,LIN1,
377,0A [CA],00 46 00 00 00 08 01 00,E5,Enhanced,Slave response,3.853,LIN1,
378,2F [6F],00 00 00 00 82 FF FF FF,0E,Enhanced,Slave response,3.863,LIN1,
379,0A [CA],00 47 00 00 00 08 01 00,E4,Enhanced,Slave response,3.872,LIN1,
380,0D [0D],,,,Slave response,3.882,LIN1,SLAVE NO RESPONSE
381,0A [CA],00 48 00 00 00 08 01 00,E3,Enhanced,Slave response,3.892,LIN1,
382,2E [2E],00 00 80 51 00 0C 00 00,F3,Enhanced,Slave response,3.902,LIN1,
383,0A [CA],00 49 00 00 00 08 01 00,E2,Enhanced,Slave response,3.912,LIN1,
384,0E [8E],,,,Slave response,3.922,LIN1,SLAVE NO RESPONSE
385,0A [CA],00 4A 00 00 00 08 01 00,E1,Enhanced,Slave response,3.932,LIN1,
386,2F [6F],00 00 00 00 82 FF FF FF,0E,Enhanced,Slave response,3.942,LIN1,
387,0A [CA],00 4B 00 00 00 08 01 00,E0,Enhanced,Slave response,3.952,LIN1,
388,0B [8B],FF 7F 00 00 FE FF FF FF,F5,Enhanced,Slave response,3.961,LIN1,
389,0A [CA],00 4C 00 00 00 08 01 00,DF,Enhanced,Slave response,3.971,LIN1,
390,2E [2E],00 00 80 51 00 0C 00 00,F3,Enhanced,Slave response,3.981,LIN1,
391,0A [CA],00 4D 00 00 00 08 01 00,DE,Enhanced,Slave response,3.991,LIN1,
392,0C [4C],FF 7F 00 00 FE FF FF FF,35,Enhanced,Slave response,4.001,LIN1,
393,0A [CA],00 4E 00 00 00 08 01 00,DD,Enhanced,Slave response,4.011,LIN1,
394,2F [6F],00 00 00 00 82 FF FF FF,0E,Enhanced,Slave response,4.021,LIN1,
395,0A [CA],00 4F 00 00 00 08 01 00,DC,Enhanced,Slave response,4.031,LIN1,
396,0D [0D],,,,Slave response,4.04,LIN1,SLAVE NO RESPONSE
397,0A [CA],00 40 00 00 00 08 01 00,EB,Enhanced,Slave response,4.05,LIN1,
398,2E [2E],00 00 80 51 00 0C 00 00,F3,Enhanced,Slave response,4.06,LIN1,
399,0A [CA],00 41 00 00 00 08 01 00,EA,Enhanced,Slave response,4.07,LIN1,
400,0E [8E],,,,Slave response,4.08,LIN1,SLAVE NO RESPONSE
401,0A [CA],00 42 00 00 00 08 01 00,E9,Enhanced,Slave response,4.09,LIN1,
402,2F [6F],00 00 00 00 82 FF FF FF,0E,Enhanced,Slave response,4.1,LIN1,
403,0A [CA],00 43 00 00 00 08 01 00,E8,Enhanced,Slave response,4.11,LIN1,
404,0B [8B],FF 7F 00 00 FE FF FF FF,F5,Enhanced,Slave response,4.12,LIN1,
405,0A [CA],00 44 00 00 00 08 01 00,E7,Enhanced,Slave response,4.129,LIN1,
406,2E [2E],00 00 80 51 00 0C 00 00,F3,Enhanced,Slave response,4.139,LIN1,
407,0A [CA],00 45 00 00 00 08 01 00,E6,Enhanced,Slave response,4.149,LIN1,
408,0C [4C],FF 7F 00 00 FE FF FF FF,35,Enhanced,Slave response,4.159,LIN1,
409,0A [CA],00 46 00 00 00 08 01 00,E5,Enhanced,Slave response,4.169,LIN1,
410,2F [6F],00 00 00 00 82 FF FF FF,0E,Enhanced,Slave response,4.179,LIN1,
411,0A [CA],00 47 00 00 00 08 01 00,E4,Enhanced,Slave response,4.189,LIN1,
412,0D [0D],,,,Slave response,4.199,LIN1,SLAVE NO RESPONSE
413,0A [CA],00 48 00 00 00 08 01 00,E3,Enhanced,Slave response,4.208,LIN1,
414,2E [2E],00 00 80 51 00 0C 00 00,F3,Enhanced,Slave response,4.218,LIN1,
415,0A [CA],00 49 00 00 00 08 01 00,E2,Enhanced,Slave response,4.228,LIN1,
416,0E [8E],,,,Slave response,4.238,LIN1,SLAVE NO RESPONSE
417,0A [CA],00 4A 00 00 00 08 01 00,E1,Enhanced,Slave response,4.248,LIN1,
418,2F [6F],00 00 00 00 82 FF FF FF,0E,Enhanced,Slave response,4.258,LIN1,
419,0A [CA],00 4B 00 00 00 08 01 00,E0,Enhanced,Slave response,4.268,LIN1,
420,0B [8B],FF 7F 00 00 FE FF FF FF,F5,Enhanced,Slave response,4.278,LIN1,
421,0A [CA],00 4C 00 00 00 08 01 00,DF,Enhanced,Slave response,4.288,LIN1,
422,2E [2E],00 00 80 51 00 0C 00 00,F3,Enhanced,Slave response,4.297,LIN1,
423,0A [CA],00 4D 00 00 00 08 01 00,DE,Enhanced,Slave response,4.307,LIN1,
424,0C [4C],FF 7F 00 00 FE FF FF FF,35,Enhanced,Slave response,4.317,LIN1,
425,0A [CA],00 4E 00 00 00 08 01 00,DD,Enhanced,Slave response,4.327,LIN1,
426,2F [6F],00 00 00 00 82 FF FF FF,0E,Enhanced,Slave response,4.337,LIN1,
427,0A [CA],00 4F 00 00 00 08 01 00,DC,Enhanced,Slave response,4.347,LIN1,
428,0D [0D],,,,Slave response,4.357,LIN1,SLAVE NO RESPONSE
429,0A [CA],00 40 00 00 00 08 01 00,EB,Enhanced,Slave response,4.367,LIN1,
430,2E [2E],00 00 80 51 00 0C 00 00,F3,Enhanced,Slave response,4.377,LIN1,
431,0A [CA],00 41 00 00 00 08 01 00,EA,Enhanced,Slave response,4.386,LIN1,
432,0E [8E],,,,Slave response,4.396,LIN1,SLAVE NO RESPONSE
433,0A [CA],00 42 00 00 00 08 01 00,E9,Enhanced,Slave response,4.406,LIN1,
434,2F [6F],00 00 00 00 82 FF FF FF,0E,Enhanced,Slave response,4.416,LIN1,
435,0A [CA],00 43 00 00 00 08 01 00,E8,Enhanced,Slave response,4.426,LIN1,
436,0B [8B],FF 7F 00 00 FE FF FF FF,F5,Enhanced,Slave response,4.436,LIN1,
437,0A [CA],00 44 00 00 00 08 01 00,E7,Enhanced,Slave response,4.446,LIN1,
438,2E [2E],00 00 80 51 00 0C 00 00,F3,Enhanced,Slave response,4.456,LIN1,
439,0A [CA],00 45 00 00 00 08 01 00,E6,Enhanced,Slave response,4.465,LIN1,
440,0C [4C],FF 7F 00 00 FE FF FF FF,35,Enhanced,Slave response,4.475,LIN1,
441,0A [CA],00 46 00 00 00 08 01 00,E5,Enhanced,Slave response,4.485,LIN1,
442,2F [6F],00 00 00 00 82 FF FF FF,0E,Enhanced,Slave response,4.495,LIN1,
443,0A [CA],00 47 00 00 00 08 01 00,E4,Enhanced,Slave response,4.505,LIN1,
444,0D [0D],,,,Slave response,4.515,LIN1,SLAVE NO RESPONSE
445,0A [CA],00 48 00 00 00 08 01 00,E3,Enhanced,Slave response,4.525,LIN1,
446,2E [2E],00 00 80 51 00 0C 00 00,F3,Enhanced,Slave response,4.535,LIN1,
447,0A [CA],00 49 00 00 00 08 01 00,E2,Enhanced,Slave response,4.544,LIN1,
448,0E [8E],,,,Slave response,4.554,LIN1,SLAVE NO RESPONSE
449,0A [CA],00 4A 00 00 00 08 01 00,E1,Enhanced,Slave response,4.564,LIN1,
450,2F [6F],00 00 00 00 82 FF FF FF,0E,Enhanced,Slave response,4.574,LIN1,
451,0A [CA],00 4B 00 00 00 08 01 00,E0,Enhanced,Slave response,4.584,LIN1,
452,0B [8B],FF 7F 00 00 FE FF FF FF,F5,Enhanced,Slave response,4.594,LIN1,
453,0A [CA],00 4C 00 00 00 08 01 00,DF,Enhanced,Slave response,4.604,LIN1,
454,2E [2E],00 00 80 51 00 0C 00 00,F3,Enhanced,Slave response,4.614,LIN1,
455,0A [CA],00 4D 00 00 00 08 01 00,DE,Enhanced,Slave response,4.624,LIN1,
456,0C [4C],FF 7F 00 00 FE FF FF FF,35,Enhanced,Slave response,4.633,LIN1,
457,0A [CA],00 4E 00 00 00 08 01 00,DD,Enhanced,Slave response,4.643,LIN1,
458,2F [6F],00 00 00 00 82 FF FF FF,0E,Enhanced,Slave response,4.653,LIN1,
459,0A [CA],00 4F 00 00 00 08 01 00,DC,Enhanced,Slave response,4.663,LIN1,
460,0D [0D],,,,Slave response,4.673,LIN1,SLAVE NO RESPONSE
461,0A [CA],00 40 00 00 00 08 01 00,EB,Enhanced,Slave response,4.683,LIN1,
462,2E [2E],00 00 80 51 00 0C 00 00,F3,Enhanced,Slave response,4.693,LIN1,
463,0A [CA],00 41 00 00 00 08 01 00,EA,Enhanced,Slave response,4.703,LIN1,
464,0E [8E],,,,Slave response,4.712,LIN1,SLAVE NO RESPONSE
465,0A [CA],00 42 00 00 00 08 01 00,E9,Enhanced,Slave response,4.722,LIN1,
466,2F [6F],00 00 00 00 82 FF FF FF,0E,Enhanced,Slave response,4.732,LIN1,
467,0A [CA],00 43 00 00 00 08 01 00,E8,Enhanced,Slave response,4.742,LIN1,
468,0B [8B],FF 7F 00 00 FE FF FF FF,F5,Enhanced,Slave response,4.752,LIN1,
469,0A [CA],00 44 00 00 00 08 01 00,E7,Enhanced,Slave response,4.762,LIN1,
470,2E [2E],00 00 80 51 00 0C 00 00,F3,Enhanced,Slave response,4.772,LIN1,
471,0A [CA],00 45 00 00 00 08 01 00,E6,Enhanced,Slave response,4.782,LIN1,
472,0C [4C],FF 7F 00 00 FE FF FF FF,35,Enhanced,Slave response,4.792,LIN1,
473,0A [CA],00 46 00 00 00 08 01 00,E5,Enhanced,Slave response,4.801,LIN1,
474,2F [6F],00 00 00 00 82 FF FF FF,0E,Enhanced,Slave response,4.868,LIN1,
475,0A [CA],00 47 00 00 00 08 01 00,E4,Enhanced,Slave response,4.878,LIN1,
476,0D [0D],,,,Slave response,4.888,LIN1,SLAVE NO RESPONSE
477,0A [CA],00 48 00 00 00 08 01 00,E3,Enhanced,Slave response,4.898,LIN1,
478,2E [2E],00 00 80 51 00 0C 00 00,F3,Enhanced,Slave response,4.908,LIN1,
479,0A [CA],00 49 00 00 00 08 01 00,E2,Enhanced,Slave response,4.918,LIN1,
480,0E [8E],,,,Slave response,4.928,LIN1,SLAVE NO RESPONSE
481,0A [CA],00 4A 00 00 00 08 01 00,E1,Enhanced,Slave response,4.937,LIN1,
482,2F [6F],00 00 00 00 82 FF FF FF,0E,Enhanced,Slave response,4.947,LIN1,
483,0A [CA],00 4B 00 00 00 08 01 00,E0,Enhanced,Slave response,4.957,LIN1,
484,0B [8B],FF 7F 00 00 FE FF FF FF,F5,Enhanced,Slave response,4.967,LIN1,
485,0A [CA],00 4C 00 00 00 08 01 00,DF,Enhanced,Slave response,4.977,LIN1,
486,2E [2E],00 00 80 51 00 0C 00 00,F3,Enhanced,Slave response,4.987,LIN1,
487,0A [CA],00 4D 00 00 00 08 01 00,DE,Enhanced,Slave response,4.997,LIN1,
488,0C [4C],FF 7F 00 00 FE FF FF FF,35,Enhanced,Slave response,5.007,LIN1,
489,0A [CA],00 4E 00 00 00 08 01 00,DD,Enhanced,Slave response,5.017,LIN1,
490,2F [6F],00 00 00 00 82 FF FF FF,0E,Enhanced,Slave response,5.026,LIN1,
491,0A [CA],00 4F 00 00 00 08 01 00,DC,Enhanced,Slave response,5.036,LIN1,
492,0D [0D],,,,Slave response,5.046,LIN1,SLAVE NO RESPONSE
493,0A [CA],00 40 00 00 00 08 01 00,EB,Enhanced,Slave response,5.056,LIN1,
494,2E [2E],00 00 80 51 00 0C 00 00,F3,Enhanced,Slave response,5.066,LIN1,
495,0A [CA],00 41 00 00 00 08 01 00,EA,Enhanced,Slave response,5.076,LIN1,
496,0E [8E],,,,Slave response,5.086,LIN1,SLAVE NO RESPONSE
497,0A [CA],00 42 00 00 00 08 01 00,E9,Enhanced,Slave response,5.096,LIN1,
498,2F [6F],00 00 00 00 82 FF FF FF,0E,Enhanced,Slave response,5.105,LIN1,
499,0A [CA],00 43 00 00 00 08 01 00,E8,Enhanced,Slave response,5.115,LIN1,
500,0B [8B],FF 7F 00 00 FE FF FF FF,F5,Enhanced,Slave response,5.125,LIN1,
501,0A [CA],00 44 00 00 00 08 01 00,E7,Enhanced,Slave response,5.135,LIN1,
502,2E [2E],00 00 80 51 00 0C 00 00,F3,Enhanced,Slave response,5.145,LIN1,
503,0A [CA],00 45 00 00 00 08 01 00,E6,Enhanced,Slave response,5.155,LIN1,
504,0C [4C],FF 7F 00 00 FE FF FF FF,35,Enhanced,Slave response,5.165,LIN1,
505,0A [CA],00 46 00 00 00 08 01 00,E5,Enhanced,Slave response,5.175,LIN1,
506,2F [6F],00 00 00 00 82 FF FF FF,0E,Enhanced,Slave response,5.185,LIN1,
507,0A [CA],00 47 00 00 00 08 01 00,E4,Enhanced,Slave response,5.194,LIN1,
508,0D [0D],,,,Slave response,5.204,LIN1,SLAVE NO RESPONSE
509,0A [CA],00 48 00 00 00 08 01 00,E3,Enhanced,Slave response,5.214,LIN1,
510,2E [2E],00 00 80 51 00 0C 00 00,F3,Enhanced,Slave response,5.224,LIN1,
511,0A [CA],00 49 00 00 00 08 01 00,E2,Enhanced,Slave response,5.234,LIN1,
512,0E [8E],,,,Slave response,5.244,LIN1,SLAVE NO RESPONSE
513,0A [CA],00 4A 00 00 00 08 01 00,E1,Enhanced,Slave response,5.254,LIN1,
514,2F [6F],00 00 00 00 82 FF FF FF,0E,Enhanced,Slave response,5.264,LIN1,
515,0A [CA],00 4B 00 00 00 08 01 00,E0,Enhanced,Slave response,5.273,LIN1,
516,0B [8B],FF 7F 00 00 FE FF FF FF,F5,Enhanced,Slave response,5.283,LIN1,
517,0A [CA],00 4C 00 00 00 08 01 00,DF,Enhanced,Slave response,5.293,LIN1,
518,2E [2E],00 00 80 51 00 0C 00 00,F3,Enhanced,Slave response,5.303,LIN1,
519,0A [CA],00 4D 00 00 00 08 01 00,DE,Enhanced,Slave response,5.313,LIN1,
520,0C [4C],FF 7F 00 00 FE FF FF FF,35,Enhanced,Slave response,5.323,LIN1,
521,0A [CA],00 4E 00 00 00 08 01 00,DD,Enhanced,Slave response,5.333,LIN1,
522,2F [6F],00 00 00 00 82 FF FF FF,0E,Enhanced,Slave response,5.343,LIN1,
523,0A [CA],00 4F 00 00 00 08 01 00,DC,Enhanced,Slave response,5.353,LIN1,
524,0D [0D],,,,Slave response,5.362,LIN1,SLAVE NO RESPONSE
525,0A [CA],00 40 00 00 00 08 01 00,EB,Enhanced,Slave response,5.372,LIN1,
526,2E [2E],00 00 80 51 00 0C 00 00,F3,Enhanced,Slave response,5.382,LIN1,
527,0A [CA],00 41 00 00 00 08 01 00,EA,Enhanced,Slave response,5.392,LIN1,
528,0E [8E],,,,Slave response,5.402,LIN1,SLAVE NO RESPONSE
529,0A [CA],00 42 00 00 00 08 01 00,E9,Enhanced,Slave response,5.412,LIN1,
530,2F [6F],00 00 00 00 82 FF FF FF,0E,Enhanced,Slave response,5.422,LIN1,
531,0A [CA],00 43 00 00 00 08 01 00,E8,Enhanced,Slave response,5.432,LIN1,
532,0B [8B],FF 7F 00 00 FE FF FF FF,F5,Enhanced,Slave response,5.441,LIN1,
533,0A [CA],00 44 00 00 00 08 01 00,E7,Enhanced,Slave response,5.451,LIN1,
534,2E [2E],00 00 80 51 00 0C 00 00,F3,Enhanced,Slave response,5.461,LIN1,
535,0A [CA],00 45 00 00 00 08 01 00,E6,Enhanced,Slave response,5.471,LIN1,
536,0C [4C],FF 7F 00 00 FE FF FF FF,35,Enhanced,Slave response,5.481,LIN1,
537,0A [CA],00 46 00 00 00 08 01 00,E5,Enhanced,Slave response,5.491,LIN1,
538,2F [6F],00 00 00 00 82 FF FF FF,0E,Enhanced,Slave response,5.501,LIN1,
539,0A [CA],00 47 00 00 00 08 01 00,E4,Enhanced,Slave response,5.511,LIN1,
540,0D [0D],,,,Slave response,5.521,LIN1,SLAVE NO RESPONSE
541,0A [CA],00 48 00 00 00 08 01 00,E3,Enhanced,Slave response,5.53,LIN1,
542,2E [2E],00 00 80 51 00 0C 00 00,F3,Enhanced,Slave response,5.54,LIN1,
543,0A [CA],00 49 00 00 00 08 01 00,E2,Enhanced,Slave response,5.55,LIN1,
544,0E [8E],,,,Slave response,5.56,LIN1,SLAVE NO RESPONSE
545,0A [CA],00 4A 00 00 00 08 01 00,E1,Enhanced,Slave response,5.57,LIN1,
546,2F [6F],00 00 00 00 82 FF FF FF,0E,Enhanced,Slave response,5.58,LIN1,
547,0A [CA],00 4B 00 00 00 08 01 00,E0,Enhanced,Slave response,5.59,LIN1,
548,0B [8B],FF 7F 00 00 FE FF FF FF,F5,Enhanced,Slave response,5.6,LIN1,
549,0A [CA],00 4C 00 00 00 08 01 00,DF,Enhanced,Slave response,5.609,LIN1,
550,2E [2E],00 00 80 51 00 0C 00 00,F3,Enhanced,Slave response,5.619,LIN1,
551,0A [CA],00 4D 00 00 00 08 01 00,DE,Enhanced,Slave response,5.629,LIN1,
552,0C [4C],FF 7F 00 00 FE FF FF FF,35,Enhanced,Slave response,5.639,LIN1,
553,0A [CA],00 4E 00 00 00 08 01 00,DD,Enhanced,Slave response,5.649,LIN1,
554,2F [6F],00 00 00 00 82 FF FF FF,0E,Enhanced,Slave response,5.659,LIN1,
555,0A [CA],00 4F 00 00 00 08 01 00,DC,Enhanced,Slave response,5.669,LIN1,
556,0D [0D],,,,Slave response,5.679,LIN1,SLAVE NO RESPONSE
557,0A [CA],00 40 00 00 00 08 01 00,EB,Enhanced,Slave response,5.688,LIN1,
558,2E [2E],00 00 80 51 00 0C 00 00,F3,Enhanced,Slave response,5.698,LIN1,
559,0A [CA],00 41 00 00 00 08 01 00,EA,Enhanced,Slave response,5.708,LIN1,
560,0E [8E],,,,Slave response,5.718,LIN1,SLAVE NO RESPONSE
561,0A [CA],00 42 00 00 00 08 01 00,E9,Enhanced,Slave response,5.728,LIN1,
562,2F [6F],00 00 00 00 82 FF FF FF,0E,Enhanced,Slave response,5.738,LIN1,
563,0A [CA],00 43 00 00 00 08 01 00,E8,Enhanced,Slave response,5.748,LIN1,
564,0B [8B],FF 7F 00 00 FE FF FF FF,F5,Enhanced,Slave response,5.758,LIN1,
565,0A [CA],00 44 00 00 00 08 01 00,E7,Enhanced,Slave response,5.768,LIN1,
566,2E [2E],00 00 80 51 00 0C 00 00,F3,Enhanced,Slave response,5.777,LIN1,
567,0A [CA],00 45 00 00 00 08 01 00,E6,Enhanced,Slave response,5.787,LIN1,
568,0C [4C],FF 7F 00 00 FE FF FF FF,35,Enhanced,Slave response,5.797,LIN1,
569,0A [CA],00 46 00 00 00 08 01 00,E5,Enhanced,Slave response,5.807,LIN1,
570,2F [6F],00 00 00 00 82 FF FF FF,0E,Enhanced,Slave response,5.817,LIN1,
571,0A [CA],00 47 00 00 00 08 01 00,E4,Enhanced,Slave response,5.827,LIN1,
572,0D [0D],,,,Slave response,5.837,LIN1,SLAVE NO RESPONSE
573,0A [CA],00 48 00 00 00 08 01 00,E3,Enhanced,Slave response,5.847,LIN1,
574,2E [2E],00 00 80 51 00 0C 00 00,F3,Enhanced,Slave response,5.857,LIN1,
575,0A [CA],00 49 00 00 00 08 01 00,E2,Enhanced,Slave response,5.866,LIN1,
576,0E [8E],,,,Slave response,5.876,LIN1,SLAVE NO RESPONSE
577,0A [CA],00 4A 00 00 00 08 01 00,E1,Enhanced,Slave response,5.886,LIN1,
578,2F [6F],00 00 00 00 82 FF FF FF,0E,Enhanced,Slave response,5.896,LIN1,
579,0A [CA],00 4B 00 00 00 08 01 00,E0,Enhanced,Slave response,5.906,LIN1,
580,0B [8B],FF 7F 00 00 FE FF FF FF,F5,Enhanced,Slave response,5.916,LIN1,
581,0A [CA],00 4C 00 00 00 08 01 00,DF,Enhanced,Slave response,5.926,LIN1,
582,2E [2E],00 00 80 51 00 0C 00 00,F3,Enhanced,Slave response,5.936,LIN1,
583,0A [CA],00 4D 00 00 00 08 01 00,DE,Enhanced,Slave response,5.945,LIN1,
584,0C [4C],FF 7F 00 00 FE FF FF FF,35,Enhanced,Slave response,5.955,LIN1,
585,0A [CA],00 4E 00 00 00 08 01 00,DD,Enhanced,Slave response,5.965,LIN1,
586,2F [6F],00 00 00 00 82 FF FF FF,0E,Enhanced,Slave response,5.975,LIN1,
587,0A [CA],00 4F 00 00 00 08 01 00,DC,Enhanced,Slave response,5.985,LIN1,
588,0D [0D],,,,Slave response,5.995,LIN1,SLAVE NO RESPONSE
589,0A [CA],00 40 00 00 00 08 01 00,EB,Enhanced,Slave response,6.005,LIN1,
590,2E [2E],00 00 80 51 00 0C 00 00,F3,Enhanced,Slave response,6.015,LIN1,
591,0A [CA],00 41 00 00 00 08 01 00,EA,Enhanced,Slave response,6.024,LIN1,
592,0E [8E],,,,Slave response,6.034,LIN1,SLAVE NO RESPONSE
593,0A [CA],00 42 00 00 00 08 01 00,E9,Enhanced,Slave response,6.044,LIN1,
594,2F [6F],00 00 00 00 82 FF FF FF,0E,Enhanced,Slave response,6.054,LIN1,
595,0A [CA],00 43 00 00 00 08 01 00,E8,Enhanced,Slave response,6.064,LIN1,
596,0B [8B],FF 7F 00 00 FE FF FF FF,F5,Enhanced,Slave response,6.074,LIN1,
597,0A [CA],00 44 00 00 00 08 01 00,E7,Enhanced,Slave response,6.084,LIN1,
598,2E [2E],00 00 80 51 00 0C 00 00,F3,Enhanced,Slave response,6.094,LIN1,
599,0A [CA],00 45 00 00 00 08 01 00,E6,Enhanced,Slave response,6.104,LIN1,
600,0C [4C],FF 7F 00 00 FE FF FF FF,35,Enhanced,Slave response,6.113,LIN1,
601,0A [CA],00 46 00 00 00 08 01 00,E5,Enhanced,Slave response,6.123,LIN1,
602,2F [6F],00 00 00 00 82 FF FF FF,0E,Enhanced,Slave response,6.133,LIN1,
603,0A [CA],00 47 00 00 00 08 01 00,E4,Enhanced,Slave response,6.143,LIN1,
604,0D [0D],,,,Slave response,6.153,LIN1,SLAVE NO RESPONSE
605,0A [CA],00 48 00 00 00 08 01 00,E3,Enhanced,Slave response,6.163,LIN1,
606,2E [2E],00 00 80 51 00 0C 00 00,F3,Enhanced,Slave response,6.173,LIN1,
607,0A [CA],00 49 00 00 00 08 01 00,E2,Enhanced,Slave response,6.183,LIN1,
608,0E [8E],,,,Slave response,6.193,LIN1,SLAVE NO RESPONSE
609,0A [CA],00 4A 00 00 00 08 01 00,E1,Enhanced,Slave response,6.202,LIN1,
610,2F [6F],00 00 00 00 82 FF FF FF,0E,Enhanced,Slave response,6.212,LIN1,
611,0A [CA],00 4B 00 00 00 08 01 00,E0,Enhanced,Slave response,6.222,LIN1,
612,0B [8B],FF 7F 00 00 FE FF FF FF,F5,Enhanced,Slave response,6.232,LIN1,
613,0A [CA],00 4C 00 00 00 08 01 00,DF,Enhanced,Slave response,6.242,LIN1,
614,2E [2E],00 00 80 51 00 0C 00 00,F3,Enhanced,Slave response,6.252,LIN1,
615,0A [CA],00 4D 00 00 00 08 01 00,DE,Enhanced,Slave response,6.262,LIN1,
616,0C [4C],FF 7F 00 00 FE FF FF FF,35,Enhanced,Slave response,6.272,LIN1,
617,0A [CA],00 4E 00 00 00 08 01 00,DD,Enhanced,Slave response,6.281,LIN1,
618,2F [6F],00 00 00 00 82 FF FF FF,0E,Enhanced,Slave response,6.291,LIN1,
619,0A [CA],00 4F 00 00 00 08 01 00,DC,Enhanced,Slave response,6.301,LIN1,
620,0D [0D],,,,Slave response,6.311,LIN1,SLAVE NO RESPONSE
621,0A [CA],00 40 00 00 00 08 01 00,EB,Enhanced,Slave response,6.321,LIN1,
622,2E [2E],00 00 80 51 00 0C 00 00,F3,Enhanced,Slave response,6.331,LIN1,
623,0A [CA],00 41 00 00 00 08 01 00,EA,Enhanced,Slave response,6.341,LIN1,
624,0E [8E],,,,Slave response,6.351,LIN1,SLAVE NO RESPONSE
625,0A [CA],00 42 00 00 00 08 01 00,E9,Enhanced,Slave response,6.36,LIN1,
626,2F [6F],00 00 00 00 82 FF FF FF,0E,Enhanced,Slave response,6.37,LIN1,
627,0A [CA],00 43 00 00 00 08 01 00,E8,Enhanced,Slave response,6.38,LIN1,
628,0B [8B],FF 7F 00 00 FE FF FF FF,F5,Enhanced,Slave response,6.39,LIN1,
629,0A [CA],00 44 00 00 00 08 01 00,E7,Enhanced,Slave response,6.4,LIN1,
630,2E [2E],00 00 80 51 00 0C 00 00,F3,Enhanced,Slave response,6.41,LIN1,
631,0A [CA],00 45 00 00 00 08 01 00,E6,Enhanced,Slave response,6.42,LIN1,
632,0C [4C],FF 7F 00 00 FE FF FF FF,35,Enhanced,Slave response,6.43,LIN1,
633,0A [CA],00 46 00 00 00 08 01 00,E5,Enhanced,Slave response,6.44,LIN1,
634,2F [6F],00 00 00 00 82 FF FF FF,0E,Enhanced,Slave response,6.449,LIN1,
635,0A [CA],00 47 00 00 00 08 01 00,E4,Enhanced,Slave response,6.459,LIN1,
636,0D [0D],,,,Slave response,6.469,LIN1,SLAVE NO RESPONSE
637,0A [CA],00 48 00 00 00 08 01 00,E3,Enhanced,Slave response,6.479,LIN1,
638,2E [2E],00 00 80 51 00 0C 00 00,F3,Enhanced,Slave response,6.489,LIN1,
639,0A [CA],00 49 00 00 00 08 01 00,E2,Enhanced,Slave response,6.499,LIN1,
640,0E [8E],,,,Slave response,6.509,LIN1,SLAVE NO RESPONSE
641,0A [CA],00 4A 00 00 00 08 01 00,E1,Enhanced,Slave response,6.519,LIN1,
642,2F [6F],00 00 00 00 82 FF FF FF,0E,Enhanced,Slave response,6.529,LIN1,
643,0A [CA],00 4B 00 00 00 08 01 00,E0,Enhanced,Slave response,6.538,LIN1,
644,0B [8B],FF 7F 00 00 FE FF FF FF,F5,Enhanced,Slave response,6.548,LIN1,
645,0A [CA],00 4C 00 00 00 08 01 00,DF,Enhanced,Slave response,6.558,LIN1,
646,2E [2E],00 00 80 51 00 0C 00 00,F3,Enhanced,Slave response,6.568,LIN1,
647,0A [CA],00 4D 00 00 00 08 01 00,DE,Enhanced,Slave response,6.578,LIN1,
648,0C [4C],FF 7F 00 00 FE FF FF FF,35,Enhanced,Slave response,6.588,LIN1,
649,0A [CA],00 4E 00 00 00 08 01 00,DD,Enhanced,Slave response,6.598,LIN1,
650,2F [6F],00 00 00 00 82 FF FF FF,0E,Enhanced,Slave response,6.608,LIN1,
651,0A [CA],00 4F 00 00 00 08 01 00,DC,Enhanced,Slave response,6.617,LIN1,
652,0D [0D],,,,Slave response,6.627,LIN1,SLAVE NO RESPONSE
653,0A [CA],00 40 00 00 00 08 01 00,EB,Enhanced,Slave response,6.637,LIN1,
654,2E [2E],00 00 80 51 00 0C 00 00,F3,Enhanced,Slave response,6.647,LIN1,
655,0A [CA],00 41 00 00 00 08 01 00,EA,Enhanced,Slave response,6.657,LIN1,
656,0E [8E],,,,Slave response,6.667,LIN1,SLAVE NO RESPONSE
657,0A [CA],00 42 00 00 00 08 01 00,E9,Enhanced,Slave response,6.677,LIN1,
658,2F [6F],00 00 00 00 82 FF FF FF,0E,Enhanced,Slave response,6.687,LIN1,
659,0A [CA],00 43 00 00 00 08 01 00,E8,Enhanced,Slave response,6.696,LIN1,
660,0B [8B],FF 7F 00 00 FE FF FF FF,F5,Enhanced,Slave response,6.706,LIN1,
661,0A [CA],00 44 00 00 00 08 01 00,E7,Enhanced,Slave response,6.716,LIN1,
662,2E [2E],00 00 80 51 00 0C 00 00,F3,Enhanced,Slave response,6.726,LIN1,
663,0A [CA],00 45 00 00 00 08 01 00,E6,Enhanced,Slave response,6.736,LIN1,
664,0C [4C],FF 7F 00 00 FE FF FF FF,35,Enhanced,Slave response,6.746,LIN1,
665,0A [CA],00 46 00 00 00 08 01 00,E5,Enhanced,Slave response,6.756,LIN1,
666,2F [6F],00 00 00 00 82 FF FF FF,0E,Enhanced,Slave response,6.766,LIN1,
667,0A [CA],00 47 00 00 00 08 01 00,E4,Enhanced,Slave response,6.776,LIN1,
668,0D [0D],,,,Slave response,6.785,LIN1,SLAVE NO RESPONSE
669,0A [CA],00 48 00 00 00 08 01 00,E3,Enhanced,Slave response,6.795,LIN1,
670,2E [2E],00 00 80 51 00 0C 00 00,F3,Enhanced,Slave response,6.805,LIN1,
671,0A [CA],00 49 00 00 00 08 01 00,E2,Enhanced,Slave response,6.815,LIN1,
672,0E [8E],,,,Slave response,6.825,LIN1,SLAVE NO RESPONSE
673,0A [CA],00 4A 00 00 00 08 01 00,E1,Enhanced,Slave response,6.835,LIN1,
674,2F [6F],00 00 00 00 82 FF FF FF,0E,Enhanced,Slave response,6.845,LIN1,
675,0A [CA],00 4B 00 00 00 08 01 00,E0,Enhanced,Slave response,6.855,LIN1,
676,0B [8B],FF 7F 00 00 FE FF FF FF,F5,Enhanced,Slave response,6.864,LIN1,
677,0A [CA],00 4C 00 00 00 08 01 00,DF,Enhanced,Slave response,6.874,LIN1,
678,2E [2E],00 00 80 51 00 0C 00 00,F3,Enhanced,Slave response,6.884,LIN1,
679,0A [CA],00 4D 00 00 00 08 01 00,DE,Enhanced,Slave response,6.894,LIN1,
680,0C [4C],FF 7F 00 00 FE FF FF FF,35,Enhanced,Slave response,6.904,LIN1,
681,0A [CA],00 4E 00 00 00 08 01 00,DD,Enhanced,Slave response,6.914,LIN1,
682,2F [6F],00 00 00 00 82 FF FF FF,0E,Enhanced,Slave response,6.924,LIN1,
683,0A [CA],00 4F 00 00 00 08 01 00,DC,Enhanced,Slave response,6.934,LIN1,
684,0D [0D],,,,Slave response,6.944,LIN1,SLAVE NO RESPONSE
685,0A [CA],00 40 00 00 00 08 01 00,EB,Enhanced,Slave response,6.953,LIN1,
686,2E [2E],00 00 80 51 00 0C 00 00,F3,Enhanced,Slave response,6.963,LIN1,
687,0A [CA],00 41 00 00 00 08 01 00,EA,Enhanced,Slave response,6.973,LIN1,
688,0E [8E],,,,Slave response,6.983,LIN1,SLAVE NO RESPONSE
689,0A [CA],00 42 00 00 00 08 01 00,E9,Enhanced,Slave response,6.993,LIN1,
690,2F [6F],00 00 00 00 82 FF FF FF,0E,Enhanced,Slave response,7.003,LIN1,
691,0A [CA],00 43 00 00 00 08 01 00,E8,Enhanced,Slave response,7.013,LIN1,
692,0B [8B],FF 7F 00 00 FE FF FF FF,F5,Enhanced,Slave response,7.023,LIN1,
693,0A [CA],00 44 00 00 00 08 01 00,E7,Enhanced,Slave response,7.032,LIN1,
694,2E [2E],00 00 80 51 00 0C 00 00,F3,Enhanced,Slave response,7.042,LIN1,
695,0A [CA],00 45 00 00 00 08 01 00,E6,Enhanced,Slave response,7.052,LIN1,
696,0C [4C],FF 7F 00 00 FE FF FF FF,35,Enhanced,Slave response,7.062,LIN1,
697,0A [CA],00 46 00 00 00 08 01 00,E5,Enhanced,Slave response,7.072,LIN1,
698,2F [6F],00 00 00 00 82 FF FF FF,0E,Enhanced,Slave response,7.082,LIN1,
699,0A [CA],00 47 00 00 00 08 01 00,E4,Enhanced,Slave response,7.092,LIN1,
700,0D [0D],,,,Slave response,7.102,LIN1,SLAVE NO RESPONSE
701,0A [CA],00 48 00 00 00 08 01 00,E3,Enhanced,Slave response,7.112,LIN1,
702,2E [2E],00 00 80 51 00 0C 00 00,F3,Enhanced,Slave response,7.121,LIN1,
703,0A [CA],00 49 00 00 00 08 01 00,E2,Enhanced,Slave response,7.131,LIN1,
704,0E [8E],,,,Slave response,7.141,LIN1,SLAVE NO RESPONSE
705,0A [CA],00 4A 00 00 00 08 01 00,E1,Enhanced,Slave response,7.151,LIN1,
706,2F [6F],00 00 00 00 82 FF FF FF,0E,Enhanced,Slave response,7.161,LIN1,
707,0A [CA],00 4B 00 00 00 08 01 00,E0,Enhanced,Slave response,7.171,LIN1,
708,0B [8B],FF 7F 00 00 FE FF FF FF,F5,Enhanced,Slave response,7.181,LIN1,
709,0A [CA],00 4C 00 00 00 08 01 00,DF,Enhanced,Slave response,7.191,LIN1,
710,2E [2E],00 00 80 51 00 0C 00 00,F3,Enhanced,Slave response,7.2,LIN1,
711,0A [CA],00 4D 00 00 00 08 01 00,DE,Enhanced,Slave response,7.21,LIN1,
712,0C [4C],FF 7F 00 00 FE FF FF FF,35,Enhanced,Slave response,7.22,LIN1,
713,0A [CA],00 4E 00 00 00 08 01 00,DD,Enhanced,Slave response,7.23,LIN1,
714,2F [6F],00 00 00 00 82 FF FF FF,0E,Enhanced,Slave response,7.24,LIN1,
715,0A [CA],00 4F 00 00 00 08 01 00,DC,Enhanced,Slave response,7.25,LIN1,
716,0D [0D],,,,Slave response,7.26,LIN1,SLAVE NO RESPONSE
717,0A [CA],00 40 00 00 00 08 01 00,EB,Enhanced,Slave response,7.27,LIN1,
718,2E [2E],00 00 80 51 00 0C 00 00,F3,Enhanced,Slave response,7.28,LIN1,
719,0A [CA],00 41 00 00 00 08 01 00,EA,Enhanced,Slave response,7.289,LIN1,
720,0E [8E],,,,Slave response,7.299,LIN1,SLAVE NO RESPONSE
721,0A [CA],00 42 00 00 00 08 01 00,E9,Enhanced,Slave response,7.309,LIN1,
722,2F [6F],00 00 00 00 82 FF FF FF,0E,Enhanced,Slave response,7.319,LIN1,
723,0A [CA],00 43 00 00 00 08 01 00,E8,Enhanced,Slave response,7.329,LIN1,
724,0B [8B],FF 7F 00 00 FE FF FF FF,F5,Enhanced,Slave response,7.339,LIN1,
725,0A [CA],00 44 00 00 00 08 01 00,E7,Enhanced,Slave response,7.349,LIN1,
726,2E [2E],00 00 80 51 00 0C 00 00,F3,Enhanced,Slave response,7.359,LIN1,
727,0A [CA],00 45 00 00 00 08 01 00,E6,Enhanced,Slave response,7.369,LIN1,
728,0C [4C],FF 7F 00 00 FE FF FF FF,35,Enhanced,Slave response,7.378,LIN1,
729,0A [CA],00 46 00 00 00 08 01 00,E5,Enhanced,Slave response,7.388,LIN1,
730,2F [6F],00 00 00 00 82 FF FF FF,0E,Enhanced,Slave response,7.398,LIN1,
731,0A [CA],00 47 00 00 00 08 01 00,E4,Enhanced,Slave response,7.408,LIN1,
732,0D [0D],,,,Slave response,7.418,LIN1,SLAVE NO RESPONSE
733,0A [CA],00 48 00 00 00 08 01 00,E3,Enhanced,Slave response,7.428,LIN1,
734,2E [2E],00 00 80 51 00 0C 00 00,F3,Enhanced,Slave response,7.438,LIN1,
735,0A [CA],00 49 00 00 00 08 01 00,E2,Enhanced,Slave response,7.448,LIN1,
736,0E [8E],,,,Slave response,7.457,LIN1,SLAVE NO RESPONSE
737,0A [CA],00 4A 00 00 00 08 01 00,E1,Enhanced,Slave response,7.467,LIN1,
738,2F [6F],00 00 00 00 82 FF FF FF,0E,Enhanced,Slave response,7.477,LIN1,
739,0A [CA],00 4B 00 00 00 08 01 00,E0,Enhanced,Slave response,7.487,LIN1,
740,0B [8B],FF 7F 00 00 FE FF FF FF,F5,Enhanced,Slave response,7.497,LIN1,
741,0A [CA],00 4C 00 00 00 08 01 00,DF,Enhanced,Slave response,7.507,LIN1,
742,2E [2E],00 00 80 51 00 0C 00 00,F3,Enhanced,Slave response,7.517,LIN1,
743,0A [CA],00 4D 00 00 00 08 01 00,DE,Enhanced,Slave response,7.527,LIN1,
744,0C [4C],FF 7F 00 00 FE FF FF FF,35,Enhanced,Slave response,7.536,LIN1,
745,0A [CA],00 4E 00 00 00 08 01 00,DD,Enhanced,Slave response,7.546,LIN1,
746,2F [6F],00 00 00 00 82 FF FF FF,0E,Enhanced,Slave response,7.556,LIN1,
747,0A [CA],00 4F 00 00 00 08 01 00,DC,Enhanced,Slave response,7.566,LIN1,
748,0D [0D],,,,Slave response,7.576,LIN1,SLAVE NO RESPONSE
749,0A [CA],00 40 00 00 00 08 01 00,EB,Enhanced,Slave response,7.586,LIN1,
750,2E [2E],00 00 80 51 00 0C 00 00,F3,Enhanced,Slave response,7.596,LIN1,
751,0A [CA],00 41 00 00 00 08 01 00,EA,Enhanced,Slave response,7.606,LIN1,
752,0E [8E],,,,Slave response,7.616,LIN1,SLAVE NO RESPONSE
753,0A [CA],00 42 00 00 00 08 01 00,E9,Enhanced,Slave response,7.625,LIN1,
754,2F [6F],00 00 00 00 82 FF FF FF,0E,Enhanced,Slave response,7.635,LIN1,
755,0A [CA],00 43 00 00 00 08 01 00,E8,Enhanced,Slave response,7.645,LIN1,
756,0B [8B],FF 7F 00 00 FE FF FF FF,F5,Enhanced,Slave response,7.655,LIN1,
757,0A [CA],00 44 00 00 00 08 01 00,E7,Enhanced,Slave response,7.665,LIN1,
758,2E [2E],00 00 80 51 00 0C 00 00,F3,Enhanced,Slave response,7.675,LIN1,
759,0A [CA],00 45 00 00 00 08 01 00,E6,Enhanced,Slave response,7.685,LIN1,
760,0C [4C],FF 7F 00 00 FE FF FF FF,35,Enhanced,Slave response,7.695,LIN1,
761,0A [CA],00 46 00 00 00 08 01 00,E5,Enhanced,Slave response,7.704,LIN1,
762,2F [6F],00 00 00 00 82 FF FF FF,0E,Enhanced,Slave response,7.714,LIN1,
763,0A [CA],00 47 00 00 00 08 01 00,E4,Enhanced,Slave response,7.724,LIN1,
764,0D [0D],,,,Slave response,7.734,LIN1,SLAVE NO RESPONSE
765,0A [CA],00 48 00 00 00 08 01 00,E3,Enhanced,Slave response,7.744,LIN1,
766,2E [2E],00 00 80 51 00 0C 00 00,F3,Enhanced,Slave response,7.754,LIN1,
767,0A [CA],00 49 00 00 00 08 01 00,E2,Enhanced,Slave response,7.764,LIN1,
768,0E [8E],,,,Slave response,7.774,LIN1,SLAVE NO RESPONSE
769,0A [CA],00 4A 00 00 00 08 01 00,E1,Enhanced,Slave response,7.784,LIN1,
770,2F [6F],00 00 00 00 82 FF FF FF,0E,Enhanced,Slave response,7.793,LIN1,
771,0A [CA],00 4B 00 00 00 08 01 00,E0,Enhanced,Slave response,7.803,LIN1,
772,0B [8B],FF 7F 00 00 FE FF FF FF,F5,Enhanced,Slave response,7.813,LIN1,
773,0A [CA],00 4C 00 00 00 08 01 00,DF,Enhanced,Slave response,7.823,LIN1,
774,2E [2E],00 00 80 51 00 0C 00 00,F3,Enhanced,Slave response,7.833,LIN1,
775,0A [CA],00 4D 00 00 00 08 01 00,DE,Enhanced,Slave response,7.843,LIN1,
776,0C [4C],FF 7F 00 00 FE FF FF FF,35,Enhanced,Slave response,7.853,LIN1,
777,0A [CA],00 4E 00 00 00 08 01 00,DD,Enhanced,Slave response,7.863,LIN1,
778,2F [6F],00 00 00 00 82 FF FF FF,0E,Enhanced,Slave response,7.872,LIN1,
779,0A [CA],00 4F 00 00 00 08 01 00,DC,Enhanced,Slave response,7.882,LIN1,
780,0D [0D],,,,Slave response,7.892,LIN1,SLAVE NO RESPONSE
781,0A [CA],00 40 00 00 00 08 01 00,EB,Enhanced,Slave response,7.902,LIN1,
782,2E [2E],00 00 80 51 00 0C 00 00,F3,Enhanced,Slave response,7.912,LIN1,
783,0A [CA],00 41 00 00 00 08 01 00,EA,Enhanced,Slave response,7.922,LIN1,
784,0E [8E],,,,Slave response,7.932,LIN1,SLAVE NO RESPONSE
785,0A [CA],00 42 00 00 00 08 01 00,E9,Enhanced,Slave response,7.942,LIN1,
786,2F [6F],00 00 00 00 82 FF FF FF,0E,Enhanced,Slave response,7.952,LIN1,
787,0A [CA],00 43 00 00 00 08 01 00,E8,Enhanced,Slave response,7.961,LIN1,
788,0B [8B],FF 7F 00 00 FE FF FF FF,F5,Enhanced,Slave response,7.971,LIN1,
789,0A [CA],00 44 00 00 00 08 01 00,E7,Enhanced,Slave response,7.981,LIN1,
790,2E [2E],00 00 80 51 00 0C 00 00,F3,Enhanced,Slave response,7.991,LIN1,
791,0A [CA],00 45 00 00 00 08 01 00,E6,Enhanced,Slave response,8.001,LIN1,
792,0C [4C],FF 7F 00 00 FE FF FF FF,35,Enhanced,Slave response,8.011,LIN1,
793,0A [CA],00 46 00 00 00 08 01 00,E5,Enhanced,Slave response,8.021,LIN1,
794,2F [6F],00 00 00 00 82 FF FF FF,0E,Enhanced,Slave response,8.031,LIN1,
795,0A [CA],00 47 00 00 00 08 01 00,E4,Enhanced,Slave response,8.041,LIN1,
796,0D [0D],,,,Slave response,8.05,LIN1,SLAVE NO RESPONSE
797,0A [CA],00 48 00 00 00 08 01 00,E3,Enhanced,Slave response,8.06,LIN1,
798,2E [2E],00 00 80 51 00 0C 00 00,F3,Enhanced,Slave response,8.07,LIN1,
799,0A [CA],00 49 00 00 00 08 01 00,E2,Enhanced,Slave response,8.08,LIN1,
800,0E [8E],,,,Slave response,8.09,LIN1,SLAVE NO RESPONSE
801,0A [CA],00 4A 00 00 00 08 01 00,E1,Enhanced,Slave response,8.1,LIN1,
802,2F [6F],00 00 00 00 82 FF FF FF,0E,Enhanced,Slave response,8.11,LIN1,
803,0A [CA],00 4B 00 00 00 08 01 00,E0,Enhanced,Slave response,8.12,LIN1,
804,0B [8B],FF 7F 00 00 FE FF FF FF,F5,Enhanced,Slave response,8.129,LIN1,
805,0A [CA],00 4C 00 00 00 08 01 00,DF,Enhanced,Slave response,8.139,LIN1,
806,2E [2E],00 00 80 51 00 0C 00 00,F3,Enhanced,Slave response,8.149,LIN1,
807,0A [CA],00 4D 00 00 00 08 01 00,DE,Enhanced,Slave response,8.159,LIN1,
808,0C [4C],FF 7F 00 00 FE FF FF FF,35,Enhanced,Slave response,8.169,LIN1,
809,0A [CA],00 4E 00 00 00 08 01 00,DD,Enhanced,Slave response,8.179,LIN1,
810,2F [6F],00 00 00 00 82 FF FF FF,0E,Enhanced,Slave response,8.189,LIN1,
811,0A [CA],00 4F 00 00 00 08 01 00,DC,Enhanced,Slave response,8.199,LIN1,
812,0D [0D],,,,Slave response,8.208,LIN1,SLAVE NO RESPONSE
813,0A [CA],00 40 00 00 00 08 01 00,EB,Enhanced,Slave response,8.218,LIN1,
814,2E [2E],00 00 80 51 00 0C 00 00,F3,Enhanced,Slave response,8.228,LIN1,
815,0A [CA],00 41 00 00 00 08 01 00,EA,Enhanced,Slave response,8.238,LIN1,
816,0E [8E],,,,Slave response,8.248,LIN1,SLAVE NO RESPONSE
817,0A [CA],00 42 00 00 00 08 01 00,E9,Enhanced,Slave response,8.258,LIN1,
818,2F [6F],00 00 00 00 82 FF FF FF,0E,Enhanced,Slave response,8.268,LIN1,
819,0A [CA],00 43 00 00 00 08 01 00,E8,Enhanced,Slave response,8.278,LIN1,
820,0B [8B],FF 7F 00 00 FE FF FF FF,F5,Enhanced,Slave response,8.288,LIN1,
821,0A [CA],00 44 00 00 00 08 01 00,E7,Enhanced,Slave response,8.297,LIN1,
822,2E [2E],00 00 80 51 00 0C 00 00,F3,Enhanced,Slave response,8.307,LIN1,
823,0A [CA],00 45 00 00 00 08 01 00,E6,Enhanced,Slave response,8.317,LIN1,
824,0C [4C],FF 7F 00 00 FE FF FF FF,35,Enhanced,Slave response,8.327,LIN1,
825,0A [CA],00 46 00 00 00 08 01 00,E5,Enhanced,Slave response,8.337,LIN1,
826,2F [6F],00 00 00 00 82 FF FF FF,0E,Enhanced,Slave response,8.347,LIN1,
827,0A [CA],00 47 00 00 00 08 01 00,E4,Enhanced,Slave response,8.357,LIN1,
828,0D [0D],,,,Slave response,8.367,LIN1,SLAVE NO RESPONSE
829,0A [CA],00 48 00 00 00 08 01 00,E3,Enhanced,Slave response,8.376,LIN1,
830,2E [2E],00 00 80 51 00 0C 00 00,F3,Enhanced,Slave response,8.386,LIN1,
831,0A [CA],00 49 00 00 00 08 01 00,E2,Enhanced,Slave response,8.396,LIN1,
832,0E [8E],,,,Slave response,8.406,LIN1,SLAVE NO RESPONSE
833,0A [CA],00 4A 00 00 00 08 01 00,E1,Enhanced,Slave response,8.416,LIN1,
834,2F [6F],00 00 00 00 82 FF FF FF,0E,Enhanced,Slave response,8.426,LIN1,
835,0A [CA],00 4B 00 00 00 08 01 00,E0,Enhanced,Slave response,8.436,LIN1,
836,0B [8B],FF 7F 00 00 FE FF FF FF,F5,Enhanced,Slave response,8.446,LIN1,
837,0A [CA],00 4C 00 00 00 08 01 00,DF,Enhanced,Slave response,8.456,LIN1,
838,2E [2E],00 00 80 51 00 0C 00 00,F3,Enhanced,Slave response,8.465,LIN1,
839,0A [CA],00 4D 00 00 00 08 01 00,DE,Enhanced,Slave response,8.475,LIN1,
840,0C [4C],FF 7F 00 00 FE FF FF FF,35,Enhanced,Slave response,8.485,LIN1,
841,0A [CA],00 4E 00 00 00 08 01 00,DD,Enhanced,Slave response,8.495,LIN1,
842,2F [6F],00 00 00 00 82 FF FF FF,0E,Enhanced,Slave response,8.505,LIN1,
843,0A [CA],00 4F 00 00 00 08 01 00,DC,Enhanced,Slave response,8.515,LIN1,
844,0D [0D],,,,Slave response,8.525,LIN1,SLAVE NO RESPONSE
845,0A [CA],00 40 00 00 00 08 01 00,EB,Enhanced,Slave response,8.535,LIN1,
846,2E [2E],00 00 80 51 00 0C 00 00,F3,Enhanced,Slave response,8.544,LIN1,
847,0A [CA],00 41 00 00 00 08 01 00,EA,Enhanced,Slave response,8.554,LIN1,
848,0E [8E],,,,Slave response,8.564,LIN1,SLAVE NO RESPONSE
849,0A [CA],00 42 00 00 00 08 01 00,E9,Enhanced,Slave response,8.574,LIN1,
850,2F [6F],00 00 00 00 82 FF FF FF,0E,Enhanced,Slave response,8.584,LIN1,
851,0A [CA],00 43 00 00 00 08 01 00,E8,Enhanced,Slave response,8.594,LIN1,
852,0B [8B],FF 7F 00 00 FE FF FF FF,F5,Enhanced,Slave response,8.604,LIN1,
853,0A [CA],00 44 00 00 00 08 01 00,E7,Enhanced,Slave response,8.614,LIN1,
854,2E [2E],00 00 80 51 00 0C 00 00,F3,Enhanced,Slave response,8.624,LIN1,
855,0A [CA],00 45 00 00 00 08 01 00,E6,Enhanced,Slave response,8.633,LIN1,
856,0C [4C],FF 7F 00 00 FE FF FF FF,35,Enhanced,Slave response,8.643,LIN1,
857,0A [CA],00 46 00 00 00 08 01 00,E5,Enhanced,Slave response,8.653,LIN1,
858,2F [6F],00 00 00 00 82 FF FF FF,0E,Enhanced,Slave response,8.663,LIN1,
859,0A [CA],00 47 00 00 00 08 01 00,E4,Enhanced,Slave response,8.673,LIN1,
860,0D [0D],,,,Slave response,8.683,LIN1,SLAVE NO RESPONSE
861,0A [CA],00 48 00 00 00 08 01 00,E3,Enhanced,Slave response,8.693,LIN1,
862,2E [2E],00 00 80 51 00 0C 00 00,F3,Enhanced,Slave response,8.703,LIN1,
863,0A [CA],00 49 00 00 00 08 01 00,E2,Enhanced,Slave response,8.712,LIN1,
864,0E [8E],,,,Slave response,8.722,LIN1,SLAVE NO RESPONSE
865,0A [CA],00 4A 00 00 00 08 01 00,E1,Enhanced,Slave response,8.732,LIN1,
866,2F [6F],00 00 00 00 82 FF FF FF,0E,Enhanced,Slave response,8.742,LIN1,
867,0A [CA],00 4B 00 00 00 08 01 00,E0,Enhanced,Slave response,8.752,LIN1,
868,0B [8B],FF 7F 00 00 FE FF FF FF,F5,Enhanced,Slave response,8.762,LIN1,
869,0A [CA],00 4C 00 00 00 08 01 00,DF,Enhanced,Slave response,8.772,LIN1,
870,2E [2E],00 00 80 51 00 0C 00 00,F3,Enhanced,Slave response,8.782,LIN1,
871,0A [CA],00 4D 00 00 00 08 01 00,DE,Enhanced,Slave response,8.792,LIN1,
872,0C [4C],FF 7F 00 00 FE FF FF FF,35,Enhanced,Slave response,8.801,LIN1,
873,0A [CA],00 4E 00 00 00 08 01 00,DD,Enhanced,Slave response,8.811,LIN1,
874,2F [6F],00 00 00 00 82 FF FF FF,0E,Enhanced,Slave response,8.821,LIN1,
875,0A [CA],00 4F 00 00 00 08 01 00,DC,Enhanced,Slave response,8.831,LIN1,
876,0D [0D],,,,Slave response,8.841,LIN1,SLAVE NO RESPONSE
877,0A [CA],00 40 00 00 00 08 01 00,EB,Enhanced,Slave response,8.851,LIN1,
878,2E [2E],00 00 80 51 00 0C 00 00,F3,Enhanced,Slave response,8.861,LIN1,
879,0A [CA],00 41 00 00 00 08 01 00,EA,Enhanced,Slave response,8.871,LIN1,
880,0E [8E],,,,Slave response,8.88,LIN1,SLAVE NO RESPONSE
881,0A [CA],00 42 00 00 00 08 01 00,E9,Enhanced,Slave response,8.89,LIN1,
882,2F [6F],00 00 00 00 82 FF FF FF,0E,Enhanced,Slave response,8.9,LIN1,
883,0A [CA],00 43 00 00 00 08 01 00,E8,Enhanced,Slave response,8.91,LIN1,
884,0B [8B],FF 7F 00 00 FE FF FF FF,F5,Enhanced,Slave response,8.92,LIN1,
885,0A [CA],00 44 00 00 00 08 01 00,E7,Enhanced,Slave response,8.93,LIN1,
886,2E [2E],00 00 80 51 00 0C 00 00,F3,Enhanced,Slave response,8.94,LIN1,
887,0A [CA],00 45 00 00 00 08 01 00,E6,Enhanced,Slave response,8.95,LIN1,
888,0C [4C],FF 7F 00 00 FE FF FF FF,35,Enhanced,Slave response,8.959,LIN1,
889,0A [CA],00 46 00 00 00 08 01 00,E5,Enhanced,Slave response,8.969,LIN1,
890,2F [6F],00 00 00 00 82 FF FF FF,0E,Enhanced,Slave response,8.979,LIN1,
891,0A [CA],00 47 00 00 00 08 01 00,E4,Enhanced,Slave response,8.989,LIN1,
892,0D [0D],,,,Slave response,8.999,LIN1,SLAVE NO RESPONSE
893,0A [CA],00 48 00 00 00 08 01 00,E3,Enhanced,Slave response,9.009,LIN1,
894,2E [2E],00 00 80 51 00 0C 00 00,F3,Enhanced,Slave response,9.019,LIN1,
895,0A [CA],00 49 00 00 00 08 01 00,E2,Enhanced,Slave response,9.029,LIN1,
896,0E [8E],,,,Slave response,9.039,LIN1,SLAVE NO RESPONSE
897,0A [CA],00 4A 00 00 00 08 01 00,E1,Enhanced,Slave response,9.048,LIN1,
898,2F [6F],00 00 00 00 82 FF FF FF,0E,Enhanced,Slave response,9.058,LIN1,
899,0A [CA],00 4B 00 00 00 08 01 00,E0,Enhanced,Slave response,9.068,LIN1,
900,0B [8B],FF 7F 00 00 FE FF FF FF,F5,Enhanced,Slave response,9.078,LIN1,
901,0A [CA],00 4C 00 00 00 08 01 00,DF,Enhanced,Slave response,9.088,LIN1,
902,2E [2E],00 00 80 51 00 0C 00 00,F3,Enhanced,Slave response,9.098,LIN1,
903,0A [CA],00 4D 00 00 00 08 01 00,DE,Enhanced,Slave response,9.108,LIN1,
904,0C [4C],FF 7F 00 00 FE FF FF FF,35,Enhanced,Slave response,9.118,LIN1,
905,0A [CA],00 4E 00 00 00 08 01 00,DD,Enhanced,Slave response,9.128,LIN1,
906,2F [6F],00 00 00 00 82 FF FF FF,0E,Enhanced,Slave response,9.137,LIN1,
907,0A [CA],00 4F 00 00 00 08 01 00,DC,Enhanced,Slave response,9.147,LIN1,
908,0D [0D],,,,Slave response,9.157,LIN1,SLAVE NO RESPONSE
909,0A [CA],00 40 00 00 00 08 01 00,EB,Enhanced,Slave response,9.167,LIN1,
910,2E [2E],00 00 80 51 00 0C 00 00,F3,Enhanced,Slave response,9.177,LIN1,
911,0A [CA],00 41 00 00 00 08 01 00,EA,Enhanced,Slave response,9.187,LIN1,
912,0E [8E],,,,Slave response,9.197,LIN1,SLAVE NO RESPONSE
913,0A [CA],00 42 00 00 00 08 01 00,E9,Enhanced,Slave response,9.207,LIN1,
914,2F [6F],00 00 00 00 82 FF FF FF,0E,Enhanced,Slave response,9.216,LIN1,
915,0A [CA],00 43 00 00 00 08 01 00,E8,Enhanced,Slave response,9.226,LIN1,
916,0B [8B],FF 7F 00 00 FE FF FF FF,F5,Enhanced,Slave response,9.236,LIN1,
917,0A [CA],00 44 00 00 00 08 01 00,E7,Enhanced,Slave response,9.246,LIN1,
918,2E [2E],00 00 80 51 00 0C 00 00,F3,Enhanced,Slave response,9.256,LIN1,
919,0A [CA],00 45 00 00 00 08 01 00,E6,Enhanced,Slave response,9.266,LIN1,
920,0C [4C],FF 7F 00 00 FE FF FF FF,35,Enhanced,Slave response,9.276,LIN1,
921,0A [CA],00 46 00 00 00 08 01 00,E5,Enhanced,Slave response,9.286,LIN1,
922,2F [6F],00 00 00 00 82 FF FF FF,0E,Enhanced,Slave response,9.295,LIN1,
923,0A [CA],00 47 00 00 00 08 01 00,E4,Enhanced,Slave response,9.305,LIN1,
924,0D [0D],,,,Slave response,9.315,LIN1,SLAVE NO RESPONSE
925,0A [CA],00 48 00 00 00 08 01 00,E3,Enhanced,Slave response,9.325,LIN1,
926,2E [2E],00 00 80 51 00 0C 00 00,F3,Enhanced,Slave response,9.335,LIN1,
927,0A [CA],00 49 00 00 00 08 01 00,E2,Enhanced,Slave response,9.345,LIN1,
928,0E [8E],,,,Slave response,9.355,LIN1,SLAVE NO RESPONSE
929,0A [CA],00 4A 00 00 00 08 01 00,E1,Enhanced,Slave response,9.365,LIN1,
930,2F [6F],00 00 00 00 82 FF FF FF,0E,Enhanced,Slave response,9.375,LIN1,
931,0A [CA],00 4B 00 00 00 08 01 00,E0,Enhanced,Slave response,9.384,LIN1,
932,0B [8B],FF 7F 00 00 FE FF FF FF,F5,Enhanced,Slave response,9.394,LIN1,
933,0A [CA],00 4C 00 00 00 08 01 00,DF,Enhanced,Slave response,9.404,LIN1,
934,2E [2E],00 00 80 51 00 0C 00 00,F3,Enhanced,Slave response,9.414,LIN1,
935,0A [CA],00 4D 00 00 00 08 01 00,DE,Enhanced,Slave response,9.424,LIN1,
936,0C [4C],FF 7F 00 00 FE FF FF FF,35,Enhanced,Slave response,9.434,LIN1,
937,3C [3C],00 FF FF FF FF FF FF FF,0,Standard,Slave response,9.444,LIN1,
